
47. Printing statistics.

=== bootrom$croc_chip.i_croc_soc.i_croc.i_bootrom ===

        +----------Local Count, excluding submodules.
        |        +-Local Area, excluding submodules.
        |        | 
      420        - wires
      420        - wire bits
      127        - public wires
      127        - public wire bits
      117        - ports
      117        - port bits
      341 2.99E+03 cells
        6   42.336   AND2X1
        1    9.878   AND4X1
        1    9.878   AO211X1
        1    9.878   AO211X2
        3   29.635   AO21X2
        6   67.738   AO31X1
       22  217.325   AOAI211X1
        9   76.205   AOI211X1
        3   25.402   AOI21BX1
       19  134.064   AOI21X1
        9   88.906   AOI221X1
        4   39.514   AOI22X1
        1    9.878   AOI22X1P5
        3   25.402   AOI2B1X1
       32  180.634   BUFX3
        4   28.224   BUFX6
       16  451.584   DFFRQX3
        5   21.168   INVX1
        2    8.467   INVX2
        1    9.878   MIN3X1
        1   12.701   MUX2X1
        1   12.701   MUX2X2
        6   67.738   MUXI2X1
        4   28.224   NAND2BX1
        1    7.056   NAND2BX2
       21  118.541   NAND2X1
        1    5.645   NAND2X1P5
        1    5.645   NAND2X3
        2   19.757   NAND3BX1
        2   14.112   NAND3X1
        3   29.635   NAND4X2
       11   77.616   NOR2BX1
       25   141.12   NOR2X1
        4   22.579   NOR2X2
        2    11.29   NOR2X3
        6   42.336   NOR3X1
        2   14.112   NOR3X2
        1   14.112   NOR4BBX2
        1    11.29   NOR4BX2
        1    9.878   NOR4X1
        3   29.635   OA211X1
        3   29.635   OA211X2
        2   16.934   OA21X2
        9   76.205   OAI211X1
       24  169.344   OAI21X1
        1   12.701   OAI221X1
        6    59.27   OAI22X1
        6    59.27   OAI31X1
        1    9.878   OAI31X2
       15  148.176   OAOI211X1
        1    7.056   OR2X1
        7   49.392   OR2X2
        5   42.336   OR3BX1
        2   16.934   OR3BX2
        2   16.934   OR3X2
        2   19.757   OR4X1
        1    4.234   TIEHI
        1    4.234   TIELO
        1   12.701   XOR2X1
        5   49.392   XOR2X2

   Chip area for module '\bootrom$croc_chip.i_croc_soc.i_croc.i_bootrom': 2986.099200
     of which used for sequential elements: 451.584000 (15.12%)

=== cdc_2phase_clearable$croc_chip.i_croc_soc.i_croc.i_dmi_jtag.i_dmi_cdc.i_cdc_req ===

        +----------Local Count, excluding submodules.
        |        +-Local Area, excluding submodules.
        |        | 
      147        - wires
      147        - wire bits
      147        - public wires
      147        - public wire bits
       94        - ports
       94        - port bits
        8   141.12 cells
        4  112.896   DFFRQX3
        4   28.224   NOR2BX1
        3        - submodules
        1        -   cdc_2phase_dst_clearable$croc_chip.i_croc_soc.i_croc.i_dmi_jtag.i_dmi_cdc.i_cdc_req.i_dst
        1        -   cdc_2phase_src_clearable$croc_chip.i_croc_soc.i_croc.i_dmi_jtag.i_dmi_cdc.i_cdc_req.i_src
        1        -   cdc_reset_ctrlr$croc_chip.i_croc_soc.i_croc.i_dmi_jtag.i_dmi_cdc.i_cdc_req.i_cdc_reset_ctrlr

   Chip area for module '\cdc_2phase_clearable$croc_chip.i_croc_soc.i_croc.i_dmi_jtag.i_dmi_cdc.i_cdc_req': 141.120000
     of which used for sequential elements: 112.896000 (80.00%)

=== cdc_2phase_clearable$croc_chip.i_croc_soc.i_croc.i_dmi_jtag.i_dmi_cdc.i_cdc_resp ===

        +----------Local Count, excluding submodules.
        |        +-Local Area, excluding submodules.
        |        | 
      126        - wires
      126        - wire bits
      126        - public wires
      126        - public wire bits
       80        - ports
       80        - port bits
        8   141.12 cells
        4  112.896   DFFRQX3
        4   28.224   NOR2BX1
        3        - submodules
        1        -   cdc_2phase_dst_clearable$croc_chip.i_croc_soc.i_croc.i_dmi_jtag.i_dmi_cdc.i_cdc_resp.i_dst
        1        -   cdc_2phase_src_clearable$croc_chip.i_croc_soc.i_croc.i_dmi_jtag.i_dmi_cdc.i_cdc_resp.i_src
        1        -   cdc_reset_ctrlr$croc_chip.i_croc_soc.i_croc.i_dmi_jtag.i_dmi_cdc.i_cdc_resp.i_cdc_reset_ctrlr

   Chip area for module '\cdc_2phase_clearable$croc_chip.i_croc_soc.i_croc.i_dmi_jtag.i_dmi_cdc.i_cdc_resp': 141.120000
     of which used for sequential elements: 112.896000 (80.00%)

=== cdc_2phase_dst_clearable$croc_chip.i_croc_soc.i_croc.i_dmi_jtag.i_dmi_cdc.i_cdc_req.i_dst ===

        +----------Local Count, excluding submodules.
        |        +-Local Area, excluding submodules.
        |        | 
      230        - wires
      230        - wire bits
      175        - public wires
      175        - public wire bits
       89        - ports
       89        - port bits
      141 2.29E+03 cells
        9  203.213   BUFX24
       41  925.747   DFFQX1
        2   56.448   DFFRQX3
       82 1.04E+03   MUX2X1
        1    11.29   MUXI2X1
        1    5.645   NAND2X3
        1    9.878   NAND3BX2
        2    11.29   NOR2X1
        1    8.467   OR3BX2
        1   12.701   XOR2X1
        1        - submodules
        1        -   sync$croc_chip.i_croc_soc.i_croc.i_dmi_jtag.i_dmi_cdc.i_cdc_req.i_dst.i_sync

   Chip area for module '\cdc_2phase_dst_clearable$croc_chip.i_croc_soc.i_croc.i_dmi_jtag.i_dmi_cdc.i_cdc_req.i_dst': 2286.144000
     of which used for sequential elements: 982.195200 (42.96%)

=== cdc_2phase_dst_clearable$croc_chip.i_croc_soc.i_croc.i_dmi_jtag.i_dmi_cdc.i_cdc_resp.i_dst ===

        +----------Local Count, excluding submodules.
        |        +-Local Area, excluding submodules.
        |        | 
      193        - wires
      193        - wire bits
      147        - public wires
      147        - public wire bits
       75        - ports
       75        - port bits
      118 1.83E+03 cells
        1   15.523   BUFX16
        2   45.158   BUFX24
        4   22.579   BUFX3
       34  767.693   DFFQX1
        2   56.448   DFFRQX3
       68  863.654   MUX2X1
        1    11.29   MUXI2X1
        1    9.878   NAND2X4
        1    9.878   NAND3BX3
        2    11.29   NOR2X1
        1    8.467   OR3BX2
        1    9.878   XOR2X2
        1        - submodules
        1        -   sync$croc_chip.i_croc_soc.i_croc.i_dmi_jtag.i_dmi_cdc.i_cdc_resp.i_dst.i_sync

   Chip area for module '\cdc_2phase_dst_clearable$croc_chip.i_croc_soc.i_croc.i_dmi_jtag.i_dmi_cdc.i_cdc_resp.i_dst': 1831.737600
     of which used for sequential elements: 824.140800 (44.99%)

=== cdc_2phase_src_clearable$croc_chip.i_croc_soc.i_croc.i_dmi_jtag.i_dmi_cdc.i_cdc_req.i_src ===

        +----------Local Count, excluding submodules.
        |        +-Local Area, excluding submodules.
        |        | 
      227        - wires
      227        - wire bits
      174        - public wires
      174        - public wire bits
       89        - ports
       89        - port bits
      138  2140.79 cells
        1    11.29   AND3BX1
        1    8.467   AOI211X1
        9  101.606   BUFX12
       41  925.747   DFFQX1
        1   28.224   DFFRQX3
       82 1.04E+03   MUX2X1
        2    11.29   NOR2X1
        1   12.701   XNOR2X1
        1        - submodules
        1        -   sync$croc_chip.i_croc_soc.i_croc.i_dmi_jtag.i_dmi_cdc.i_cdc_req.i_src.i_sync

   Chip area for module '\cdc_2phase_src_clearable$croc_chip.i_croc_soc.i_croc.i_dmi_jtag.i_dmi_cdc.i_cdc_req.i_src': 2140.790400
     of which used for sequential elements: 953.971200 (44.56%)

=== cdc_2phase_src_clearable$croc_chip.i_croc_soc.i_croc.i_dmi_jtag.i_dmi_cdc.i_cdc_resp.i_src ===

        +----------Local Count, excluding submodules.
        |        +-Local Area, excluding submodules.
        |        | 
      191        - wires
      191        - wire bits
      146        - public wires
      146        - public wire bits
       75        - ports
       75        - port bits
      116 1.81E+03 cells
        1    11.29   AND3BX1
        1    8.467   AOI211X1
        3   67.738   BUFX24
        5    35.28   BUFX6
       34  767.693   DFFQX1
        1   28.224   DFFRQX3
       68  863.654   MUX2X1
        2    11.29   NOR2X1
        1   12.701   XNOR2X2
        1        - submodules
        1        -   sync$croc_chip.i_croc_soc.i_croc.i_dmi_jtag.i_dmi_cdc.i_cdc_resp.i_src.i_sync

   Chip area for module '\cdc_2phase_src_clearable$croc_chip.i_croc_soc.i_croc.i_dmi_jtag.i_dmi_cdc.i_cdc_resp.i_src': 1806.336000
     of which used for sequential elements: 795.916800 (44.06%)

=== cdc_4phase_dst$croc_chip.i_croc_soc.i_croc.i_dmi_jtag.i_dmi_cdc.i_cdc_req.i_cdc_reset_ctrlr.i_cdc_reset_ctrlr_half_a.i_state_transition_cdc_dst ===

        +----------Local Count, excluding submodules.
        |        +-Local Area, excluding submodules.
        |        | 
       21        - wires
       21        - wire bits
       15        - public wires
       15        - public wire bits
       10        - ports
       10        - port bits
       11  142.531 cells
        1    8.467   AOI211X1
        3   84.672   DFFRQX3
        1    5.645   NAND2X1
        2   19.757   NAND3BX1
        2    11.29   NOR2X1
        1    5.645   NOR2X2
        1    7.056   NOR3X1
        1        - submodules
        1        -   sync$croc_chip.i_croc_soc.i_croc.i_dmi_jtag.i_dmi_cdc.i_cdc_req.i_cdc_reset_ctrlr.i_cdc_reset_ctrlr_half_a.i_state_transition_cdc_dst.i_sync

   Chip area for module '\cdc_4phase_dst$croc_chip.i_croc_soc.i_croc.i_dmi_jtag.i_dmi_cdc.i_cdc_req.i_cdc_reset_ctrlr.i_cdc_reset_ctrlr_half_a.i_state_transition_cdc_dst': 142.531200
     of which used for sequential elements: 84.672000 (59.41%)

=== cdc_4phase_dst$croc_chip.i_croc_soc.i_croc.i_dmi_jtag.i_dmi_cdc.i_cdc_req.i_cdc_reset_ctrlr.i_cdc_reset_ctrlr_half_b.i_state_transition_cdc_dst ===

        +----------Local Count, excluding submodules.
        |        +-Local Area, excluding submodules.
        |        | 
       21        - wires
       21        - wire bits
       15        - public wires
       15        - public wire bits
       10        - ports
       10        - port bits
       11  142.531 cells
        1    8.467   AOI211X1
        3   84.672   DFFRQX3
        1    5.645   NAND2X1
        2   19.757   NAND3BX1
        2    11.29   NOR2X1
        1    5.645   NOR2X2
        1    7.056   NOR3X1
        1        - submodules
        1        -   sync$croc_chip.i_croc_soc.i_croc.i_dmi_jtag.i_dmi_cdc.i_cdc_req.i_cdc_reset_ctrlr.i_cdc_reset_ctrlr_half_b.i_state_transition_cdc_dst.i_sync

   Chip area for module '\cdc_4phase_dst$croc_chip.i_croc_soc.i_croc.i_dmi_jtag.i_dmi_cdc.i_cdc_req.i_cdc_reset_ctrlr.i_cdc_reset_ctrlr_half_b.i_state_transition_cdc_dst': 142.531200
     of which used for sequential elements: 84.672000 (59.41%)

=== cdc_4phase_dst$croc_chip.i_croc_soc.i_croc.i_dmi_jtag.i_dmi_cdc.i_cdc_resp.i_cdc_reset_ctrlr.i_cdc_reset_ctrlr_half_a.i_state_transition_cdc_dst ===

        +----------Local Count, excluding submodules.
        |        +-Local Area, excluding submodules.
        |        | 
       21        - wires
       21        - wire bits
       15        - public wires
       15        - public wire bits
       10        - ports
       10        - port bits
       11  142.531 cells
        1    8.467   AOI211X1
        3   84.672   DFFRQX3
        1    5.645   NAND2X1
        2   19.757   NAND3BX1
        2    11.29   NOR2X1
        1    5.645   NOR2X2
        1    7.056   NOR3X1
        1        - submodules
        1        -   sync$croc_chip.i_croc_soc.i_croc.i_dmi_jtag.i_dmi_cdc.i_cdc_resp.i_cdc_reset_ctrlr.i_cdc_reset_ctrlr_half_a.i_state_transition_cdc_dst.i_sync

   Chip area for module '\cdc_4phase_dst$croc_chip.i_croc_soc.i_croc.i_dmi_jtag.i_dmi_cdc.i_cdc_resp.i_cdc_reset_ctrlr.i_cdc_reset_ctrlr_half_a.i_state_transition_cdc_dst': 142.531200
     of which used for sequential elements: 84.672000 (59.41%)

=== cdc_4phase_dst$croc_chip.i_croc_soc.i_croc.i_dmi_jtag.i_dmi_cdc.i_cdc_resp.i_cdc_reset_ctrlr.i_cdc_reset_ctrlr_half_b.i_state_transition_cdc_dst ===

        +----------Local Count, excluding submodules.
        |        +-Local Area, excluding submodules.
        |        | 
       21        - wires
       21        - wire bits
       15        - public wires
       15        - public wire bits
       10        - ports
       10        - port bits
       11  142.531 cells
        1    8.467   AOI211X1
        3   84.672   DFFRQX3
        1    5.645   NAND2X1
        2   19.757   NAND3BX1
        2    11.29   NOR2X1
        1    5.645   NOR2X2
        1    7.056   NOR3X1
        1        - submodules
        1        -   sync$croc_chip.i_croc_soc.i_croc.i_dmi_jtag.i_dmi_cdc.i_cdc_resp.i_cdc_reset_ctrlr.i_cdc_reset_ctrlr_half_b.i_state_transition_cdc_dst.i_sync

   Chip area for module '\cdc_4phase_dst$croc_chip.i_croc_soc.i_croc.i_dmi_jtag.i_dmi_cdc.i_cdc_resp.i_cdc_reset_ctrlr.i_cdc_reset_ctrlr_half_b.i_state_transition_cdc_dst': 142.531200
     of which used for sequential elements: 84.672000 (59.41%)

=== cdc_4phase_src$croc_chip.i_croc_soc.i_croc.i_dmi_jtag.i_dmi_cdc.i_cdc_req.i_cdc_reset_ctrlr.i_cdc_reset_ctrlr_half_a.i_state_transition_cdc_src ===

        +----------Local Count, excluding submodules.
        |        +-Local Area, excluding submodules.
        |        | 
       30        - wires
       30        - wire bits
       19        - public wires
       19        - public wire bits
       10        - ports
       10        - port bits
       20  275.184 cells
        1    7.056   AND2X1
        1    9.878   AO21X2
        2   14.112   AOI21X1
        5   141.12   DFFRQX3
        2    8.467   INVX1
        3   38.102   MUX2X1
        1    11.29   MUXI2X1
        2   14.112   NAND2BX1
        1    8.467   NOR3BX1
        1    9.878   NOR3BX3
        1   12.701   XOR2X1
        1        - submodules
        1        -   sync$croc_chip.i_croc_soc.i_croc.i_dmi_jtag.i_dmi_cdc.i_cdc_req.i_cdc_reset_ctrlr.i_cdc_reset_ctrlr_half_a.i_state_transition_cdc_src.i_sync

   Chip area for module '\cdc_4phase_src$croc_chip.i_croc_soc.i_croc.i_dmi_jtag.i_dmi_cdc.i_cdc_req.i_cdc_reset_ctrlr.i_cdc_reset_ctrlr_half_a.i_state_transition_cdc_src': 275.184000
     of which used for sequential elements: 141.120000 (51.28%)

=== cdc_4phase_src$croc_chip.i_croc_soc.i_croc.i_dmi_jtag.i_dmi_cdc.i_cdc_req.i_cdc_reset_ctrlr.i_cdc_reset_ctrlr_half_b.i_state_transition_cdc_src ===

        +----------Local Count, excluding submodules.
        |        +-Local Area, excluding submodules.
        |        | 
       30        - wires
       30        - wire bits
       19        - public wires
       19        - public wire bits
       10        - ports
       10        - port bits
       20  275.184 cells
        1    7.056   AND2X1
        1    9.878   AO21X2
        2   14.112   AOI21X1
        5   141.12   DFFRQX3
        2    8.467   INVX1
        3   38.102   MUX2X1
        1    11.29   MUXI2X1
        2   14.112   NAND2BX1
        1    8.467   NOR3BX1
        1    9.878   NOR3BX3
        1   12.701   XOR2X1
        1        - submodules
        1        -   sync$croc_chip.i_croc_soc.i_croc.i_dmi_jtag.i_dmi_cdc.i_cdc_req.i_cdc_reset_ctrlr.i_cdc_reset_ctrlr_half_b.i_state_transition_cdc_src.i_sync

   Chip area for module '\cdc_4phase_src$croc_chip.i_croc_soc.i_croc.i_dmi_jtag.i_dmi_cdc.i_cdc_req.i_cdc_reset_ctrlr.i_cdc_reset_ctrlr_half_b.i_state_transition_cdc_src': 275.184000
     of which used for sequential elements: 141.120000 (51.28%)

=== cdc_4phase_src$croc_chip.i_croc_soc.i_croc.i_dmi_jtag.i_dmi_cdc.i_cdc_resp.i_cdc_reset_ctrlr.i_cdc_reset_ctrlr_half_a.i_state_transition_cdc_src ===

        +----------Local Count, excluding submodules.
        |        +-Local Area, excluding submodules.
        |        | 
       30        - wires
       30        - wire bits
       19        - public wires
       19        - public wire bits
       10        - ports
       10        - port bits
       20  275.184 cells
        1    7.056   AND2X1
        1    9.878   AO21X2
        2   14.112   AOI21X1
        5   141.12   DFFRQX3
        2    8.467   INVX1
        3   38.102   MUX2X1
        1    11.29   MUXI2X1
        2   14.112   NAND2BX1
        1    8.467   NOR3BX1
        1    9.878   NOR3BX3
        1   12.701   XOR2X1
        1        - submodules
        1        -   sync$croc_chip.i_croc_soc.i_croc.i_dmi_jtag.i_dmi_cdc.i_cdc_resp.i_cdc_reset_ctrlr.i_cdc_reset_ctrlr_half_a.i_state_transition_cdc_src.i_sync

   Chip area for module '\cdc_4phase_src$croc_chip.i_croc_soc.i_croc.i_dmi_jtag.i_dmi_cdc.i_cdc_resp.i_cdc_reset_ctrlr.i_cdc_reset_ctrlr_half_a.i_state_transition_cdc_src': 275.184000
     of which used for sequential elements: 141.120000 (51.28%)

=== cdc_4phase_src$croc_chip.i_croc_soc.i_croc.i_dmi_jtag.i_dmi_cdc.i_cdc_resp.i_cdc_reset_ctrlr.i_cdc_reset_ctrlr_half_b.i_state_transition_cdc_src ===

        +----------Local Count, excluding submodules.
        |        +-Local Area, excluding submodules.
        |        | 
       30        - wires
       30        - wire bits
       19        - public wires
       19        - public wire bits
       10        - ports
       10        - port bits
       20  275.184 cells
        1    7.056   AND2X1
        1    9.878   AO21X2
        2   14.112   AOI21X1
        5   141.12   DFFRQX3
        2    8.467   INVX1
        3   38.102   MUX2X1
        1    11.29   MUXI2X1
        2   14.112   NAND2BX1
        1    8.467   NOR3BX1
        1    9.878   NOR3BX3
        1   12.701   XOR2X1
        1        - submodules
        1        -   sync$croc_chip.i_croc_soc.i_croc.i_dmi_jtag.i_dmi_cdc.i_cdc_resp.i_cdc_reset_ctrlr.i_cdc_reset_ctrlr_half_b.i_state_transition_cdc_src.i_sync

   Chip area for module '\cdc_4phase_src$croc_chip.i_croc_soc.i_croc.i_dmi_jtag.i_dmi_cdc.i_cdc_resp.i_cdc_reset_ctrlr.i_cdc_reset_ctrlr_half_b.i_state_transition_cdc_src': 275.184000
     of which used for sequential elements: 141.120000 (51.28%)

=== cdc_reset_ctrlr$croc_chip.i_croc_soc.i_croc.i_dmi_jtag.i_dmi_cdc.i_cdc_req.i_cdc_reset_ctrlr ===

        +----------Local Count, excluding submodules.
        |        +-Local Area, excluding submodules.
        |        | 
       22        - wires
       22        - wire bits
       22        - public wires
       22        - public wire bits
       14        - ports
       14        - port bits
        2        - submodules
        1        -   cdc_reset_ctrlr_half$croc_chip.i_croc_soc.i_croc.i_dmi_jtag.i_dmi_cdc.i_cdc_req.i_cdc_reset_ctrlr.i_cdc_reset_ctrlr_half_a
        1        -   cdc_reset_ctrlr_half$croc_chip.i_croc_soc.i_croc.i_dmi_jtag.i_dmi_cdc.i_cdc_req.i_cdc_reset_ctrlr.i_cdc_reset_ctrlr_half_b

   Chip area for module '\cdc_reset_ctrlr$croc_chip.i_croc_soc.i_croc.i_dmi_jtag.i_dmi_cdc.i_cdc_req.i_cdc_reset_ctrlr': 0.000000
     of which used for sequential elements: 0.000000 (-nan%)

=== cdc_reset_ctrlr$croc_chip.i_croc_soc.i_croc.i_dmi_jtag.i_dmi_cdc.i_cdc_resp.i_cdc_reset_ctrlr ===

        +----------Local Count, excluding submodules.
        |        +-Local Area, excluding submodules.
        |        | 
       22        - wires
       22        - wire bits
       22        - public wires
       22        - public wire bits
       14        - ports
       14        - port bits
        2        - submodules
        1        -   cdc_reset_ctrlr_half$croc_chip.i_croc_soc.i_croc.i_dmi_jtag.i_dmi_cdc.i_cdc_resp.i_cdc_reset_ctrlr.i_cdc_reset_ctrlr_half_a
        1        -   cdc_reset_ctrlr_half$croc_chip.i_croc_soc.i_croc.i_dmi_jtag.i_dmi_cdc.i_cdc_resp.i_cdc_reset_ctrlr.i_cdc_reset_ctrlr_half_b

   Chip area for module '\cdc_reset_ctrlr$croc_chip.i_croc_soc.i_croc.i_dmi_jtag.i_dmi_cdc.i_cdc_resp.i_cdc_reset_ctrlr': 0.000000
     of which used for sequential elements: 0.000000 (-nan%)

=== cdc_reset_ctrlr_half$croc_chip.i_croc_soc.i_croc.i_dmi_jtag.i_dmi_cdc.i_cdc_req.i_cdc_reset_ctrlr.i_cdc_reset_ctrlr_half_a ===

        +----------Local Count, excluding submodules.
        |        +-Local Area, excluding submodules.
        |        | 
       84        - wires
       84        - wire bits
       28        - public wires
       28        - public wire bits
       15        - ports
       15        - port bits
       67  668.909 cells
        2   14.112   AND2X1
        1    11.29   AND3BX1
        1    8.467   AND3X2
        2   19.757   AND4X1
        1    9.878   AO21X2
        2   19.757   AOAI211X1
        1    9.878   AOAI211X2
        1    7.056   AOI21X1
        1    8.467   AOI2B1X1
        1    11.29   BUFX12
        2    11.29   BUFX3
        1    7.056   BUFX6
        6  169.344   DFFRQX3
        6   25.402   INVX1
        1    9.878   MIN3X1
        3   38.102   MUX2X1
        1    11.29   MUXI2X1
        5   28.224   NAND2X1
        1    9.878   NAND3BX1
        1    7.056   NAND3X2
        2   14.112   NOR2BX1
        3   16.934   NOR2X1
        3   21.168   NOR3X1
        1    7.056   NOR3X2
        1   12.701   NOR4BBX1
        1    8.467   OA21X2
        1    8.467   OAI211X1
        2   16.934   OAI211X2
        2   14.112   OAI21X1
        1   14.112   OAI2B2BX1
        4   39.514   OAOI211X1
        3   25.402   OR3BX1
        1    9.878   OR4X1
        1   12.701   XOR2X1
        1    9.878   XOR2X2
        2        - submodules
        1        -   cdc_4phase_dst$croc_chip.i_croc_soc.i_croc.i_dmi_jtag.i_dmi_cdc.i_cdc_req.i_cdc_reset_ctrlr.i_cdc_reset_ctrlr_half_a.i_state_transition_cdc_dst
        1        -   cdc_4phase_src$croc_chip.i_croc_soc.i_croc.i_dmi_jtag.i_dmi_cdc.i_cdc_req.i_cdc_reset_ctrlr.i_cdc_reset_ctrlr_half_a.i_state_transition_cdc_src

   Chip area for module '\cdc_reset_ctrlr_half$croc_chip.i_croc_soc.i_croc.i_dmi_jtag.i_dmi_cdc.i_cdc_req.i_cdc_reset_ctrlr.i_cdc_reset_ctrlr_half_a': 668.908800
     of which used for sequential elements: 169.344000 (25.32%)

=== cdc_reset_ctrlr_half$croc_chip.i_croc_soc.i_croc.i_dmi_jtag.i_dmi_cdc.i_cdc_req.i_cdc_reset_ctrlr.i_cdc_reset_ctrlr_half_b ===

        +----------Local Count, excluding submodules.
        |        +-Local Area, excluding submodules.
        |        | 
       84        - wires
       84        - wire bits
       28        - public wires
       28        - public wire bits
       15        - ports
       15        - port bits
       67  668.909 cells
        2   14.112   AND2X1
        1    11.29   AND3BX1
        1    8.467   AND3X2
        2   19.757   AND4X1
        1    9.878   AO21X2
        2   19.757   AOAI211X1
        1    9.878   AOAI211X2
        1    7.056   AOI21X1
        1    8.467   AOI2B1X1
        1    11.29   BUFX12
        2    11.29   BUFX3
        1    7.056   BUFX6
        6  169.344   DFFRQX3
        6   25.402   INVX1
        1    9.878   MIN3X1
        3   38.102   MUX2X1
        1    11.29   MUXI2X1
        5   28.224   NAND2X1
        1    9.878   NAND3BX1
        1    7.056   NAND3X2
        2   14.112   NOR2BX1
        3   16.934   NOR2X1
        3   21.168   NOR3X1
        1    7.056   NOR3X2
        1   12.701   NOR4BBX1
        1    8.467   OA21X2
        1    8.467   OAI211X1
        2   16.934   OAI211X2
        2   14.112   OAI21X1
        1   14.112   OAI2B2BX1
        4   39.514   OAOI211X1
        3   25.402   OR3BX1
        1    9.878   OR4X1
        1   12.701   XOR2X1
        1    9.878   XOR2X2
        2        - submodules
        1        -   cdc_4phase_dst$croc_chip.i_croc_soc.i_croc.i_dmi_jtag.i_dmi_cdc.i_cdc_req.i_cdc_reset_ctrlr.i_cdc_reset_ctrlr_half_b.i_state_transition_cdc_dst
        1        -   cdc_4phase_src$croc_chip.i_croc_soc.i_croc.i_dmi_jtag.i_dmi_cdc.i_cdc_req.i_cdc_reset_ctrlr.i_cdc_reset_ctrlr_half_b.i_state_transition_cdc_src

   Chip area for module '\cdc_reset_ctrlr_half$croc_chip.i_croc_soc.i_croc.i_dmi_jtag.i_dmi_cdc.i_cdc_req.i_cdc_reset_ctrlr.i_cdc_reset_ctrlr_half_b': 668.908800
     of which used for sequential elements: 169.344000 (25.32%)

=== cdc_reset_ctrlr_half$croc_chip.i_croc_soc.i_croc.i_dmi_jtag.i_dmi_cdc.i_cdc_resp.i_cdc_reset_ctrlr.i_cdc_reset_ctrlr_half_a ===

        +----------Local Count, excluding submodules.
        |        +-Local Area, excluding submodules.
        |        | 
       88        - wires
       88        - wire bits
       28        - public wires
       28        - public wire bits
       15        - ports
       15        - port bits
       71  702.778 cells
        1    9.878   AO211X2
        2   19.757   AO21X2
        2   19.757   AOAI211X1
        2   16.934   AOI211X1
        1    8.467   AOI21BX1
        1    7.056   AOI21X1
        1    7.056   AOI21X2
        1    9.878   AOI221X1
        2   19.757   AOI22X1
        2   16.934   AOI2B1X1
        2   22.579   BUFX12
        1    5.645   BUFX3
        2   14.112   BUFX6
        6  169.344   DFFRQX3
        2    8.467   INVX1
        2    8.467   INVX2
        3   38.102   MUX2X1
        3   33.869   MUXI2X1
        2   14.112   NAND2BX2
        3   16.934   NAND2X1
        3   21.168   NAND3X1
        1    7.056   NAND3X2
        1    9.878   NAND4X2
        2   14.112   NOR2BX1
        7   39.514   NOR2X1
        1    8.467   NOR3BX1
        1    9.878   NOR3BX2
        1    9.878   NOR3BX3
        1    7.056   NOR3X1
        1    8.467   OAI211X1
        2   16.934   OAI211X2
        1    7.056   OAI21X1
        1    7.056   OAI21X2
        1    9.878   OAI22X1
        1    9.878   OAI31X1
        1    9.878   OAOI211X1
        1    8.467   OR3BX1
        1    8.467   OR3BX2
        1   12.701   XOR2X1
        1    9.878   XOR2X2
        2        - submodules
        1        -   cdc_4phase_dst$croc_chip.i_croc_soc.i_croc.i_dmi_jtag.i_dmi_cdc.i_cdc_resp.i_cdc_reset_ctrlr.i_cdc_reset_ctrlr_half_a.i_state_transition_cdc_dst
        1        -   cdc_4phase_src$croc_chip.i_croc_soc.i_croc.i_dmi_jtag.i_dmi_cdc.i_cdc_resp.i_cdc_reset_ctrlr.i_cdc_reset_ctrlr_half_a.i_state_transition_cdc_src

   Chip area for module '\cdc_reset_ctrlr_half$croc_chip.i_croc_soc.i_croc.i_dmi_jtag.i_dmi_cdc.i_cdc_resp.i_cdc_reset_ctrlr.i_cdc_reset_ctrlr_half_a': 702.777600
     of which used for sequential elements: 169.344000 (24.10%)

=== cdc_reset_ctrlr_half$croc_chip.i_croc_soc.i_croc.i_dmi_jtag.i_dmi_cdc.i_cdc_resp.i_cdc_reset_ctrlr.i_cdc_reset_ctrlr_half_b ===

        +----------Local Count, excluding submodules.
        |        +-Local Area, excluding submodules.
        |        | 
       84        - wires
       84        - wire bits
       28        - public wires
       28        - public wire bits
       15        - ports
       15        - port bits
       67  668.909 cells
        2   14.112   AND2X1
        1    11.29   AND3BX1
        1    8.467   AND3X2
        2   19.757   AND4X1
        1    9.878   AO21X2
        2   19.757   AOAI211X1
        1    9.878   AOAI211X2
        1    7.056   AOI21X1
        1    8.467   AOI2B1X1
        1    11.29   BUFX12
        2    11.29   BUFX3
        1    7.056   BUFX6
        6  169.344   DFFRQX3
        6   25.402   INVX1
        1    9.878   MIN3X1
        3   38.102   MUX2X1
        1    11.29   MUXI2X1
        5   28.224   NAND2X1
        1    9.878   NAND3BX1
        1    7.056   NAND3X2
        2   14.112   NOR2BX1
        3   16.934   NOR2X1
        3   21.168   NOR3X1
        1    7.056   NOR3X2
        1   12.701   NOR4BBX1
        1    8.467   OA21X2
        1    8.467   OAI211X1
        2   16.934   OAI211X2
        2   14.112   OAI21X1
        1   14.112   OAI2B2BX1
        4   39.514   OAOI211X1
        3   25.402   OR3BX1
        1    9.878   OR4X1
        1   12.701   XOR2X1
        1    9.878   XOR2X2
        2        - submodules
        1        -   cdc_4phase_dst$croc_chip.i_croc_soc.i_croc.i_dmi_jtag.i_dmi_cdc.i_cdc_resp.i_cdc_reset_ctrlr.i_cdc_reset_ctrlr_half_b.i_state_transition_cdc_dst
        1        -   cdc_4phase_src$croc_chip.i_croc_soc.i_croc.i_dmi_jtag.i_dmi_cdc.i_cdc_resp.i_cdc_reset_ctrlr.i_cdc_reset_ctrlr_half_b.i_state_transition_cdc_src

   Chip area for module '\cdc_reset_ctrlr_half$croc_chip.i_croc_soc.i_croc.i_dmi_jtag.i_dmi_cdc.i_cdc_resp.i_cdc_reset_ctrlr.i_cdc_reset_ctrlr_half_b': 668.908800
     of which used for sequential elements: 169.344000 (25.32%)

=== clint$croc_chip.i_croc_soc.i_croc.i_clint ===

        +----------Local Count, excluding submodules.
        |        +-Local Area, excluding submodules.
        |        | 
      836        - wires
      836        - wire bits
      283        - public wires
      283        - public wire bits
      120        - ports
      120        - port bits
      755 1.01E+04 cells
       32  225.792   AND2X1
       18   152.41   AND3X2
        3   29.635   AND4X1
        9   88.906   AND4X2
        3   29.635   AO211X2
        5   49.392   AOAI211X1
        3   25.402   AOI211X1
        1    7.056   AOI21X1
       39  385.258   AOI221X1
       25   246.96   AOI22X1
        4   33.869   AOI2B1X1
        1   15.523   AOI2B2BX1
        1    11.29   AOI2B2X1
       34  191.923   BUFX3
        1    7.056   BUFX6
      168 4.74E+03   DFFRQX3
       34  143.942   INVX1
       28  276.595   MIN3X1
       66  838.253   MUX2X1
        1    11.29   MUXI2X1
       15   105.84   NAND2BX1
       14   79.027   NAND2X1
        4   22.579   NAND2X2
        1    9.878   NAND3BX1
       10    70.56   NAND3X1
        1    7.056   NAND3X2
        3   33.869   NAND4BX1
        1    11.29   NAND4BX2
        2   19.757   NAND4X2
       25    176.4   NOR2BX1
        9   50.803   NOR2X1
        4   33.869   NOR3BX1
        1    9.878   NOR3BX3
        8   56.448   NOR3X1
        1    7.056   NOR3X2
        1    11.29   NOR4BX1
        1    11.29   NOR4BX2
        4   39.514   NOR4X1
        1    9.878   OA211X2
        1    8.467   OA21X2
        3   25.402   OAI211X1
        4   28.224   OAI21X1
       12  169.344   OAI2B2BX1
       34  335.866   OAOI211X1
        1    7.056   OR2X2
        3   25.402   OR3X2
        9   88.906   OR4X1
        1    4.234   TIEHI
        1    4.234   TIELO
        5   63.504   XNOR2X1
       15  190.512   XOR2X1
       84  829.786   XOR2X2
        1        - submodules
        1        -   sync$croc_chip.i_croc_soc.i_croc.i_clint.i_sync

   Chip area for module '\clint$croc_chip.i_croc_soc.i_croc.i_clint': 10059.033600
     of which used for sequential elements: 4741.632000 (47.14%)

=== core_wrap$croc_chip.i_croc_soc.i_croc.i_core_wrap ===

        +----------Local Count, excluding submodules.
        |        +-Local Area, excluding submodules.
        |        | 
     5185        - wires
     5185        - wire bits
     1139        - public wires
     1139        - public wire bits
      229        - ports
      229        - port bits
     4682 4.77E+04 cells
       12        -   $scopeinfo
       82  578.592   AND2X1
        2   22.579   AND3BX1
        1    8.467   AND3X1
       39  330.221   AND3X2
        3   29.635   AND4X1
       22  217.325   AND4X2
        3   29.635   AO211X1
       16  158.054   AO211X2
       43  424.771   AO21X2
       13   165.11   AO22X2
        2   22.579   AO31X1
       16  180.634   AO31X2
      135 1.33E+03   AOAI211X1
       12  118.541   AOAI211X2
      111  939.859   AOI211X1
        3   25.402   AOI211X2
       28  237.082   AOI21BX1
        2   19.757   AOI21BX2
      200   1411.2   AOI21X1
        4   28.224   AOI21X2
      127 1.25E+03   AOI221X1
        1    11.29   AOI221X2
        3   33.869   AOI221X3
       43  424.771   AOI22X1
        1    9.878   AOI22X1P5
        2   19.757   AOI22X2
       55  465.696   AOI2B1X1
        1   15.523   AOI2B2BX1
       21  237.082   AOI2B2X1
        1   12.701   AOI2B2X2
        2   28.224   AOI2BB2X1
        1    5.645   BUFX2
      356 2.01E+03   BUFX3
       13   91.728   BUFX6
      367 1.04E+04   DFFRQX3
      123  520.733   INVX1
        7   29.635   INVX2
        3   12.701   INVX3
        2    11.29   INVX6
       24  237.082   MIN3X1
        1    9.878   MIN3X1P5
      390 4.95E+03   MUX2X1
        1   12.701   MUX2X2
      382 4.31E+03   MUXI2X1
        4   50.803   MUXI2X2
       47 1.33E+03   MUXT4X3
       68  479.808   NAND2BX1
        3   21.168   NAND2BX1P5
        1    7.056   NAND2BX3
      315 1.78E+03   NAND2X1
       10   56.448   NAND2X1P5
        3   16.934   NAND2X2
        5   28.224   NAND2X3
        6    59.27   NAND3BX1
        1    9.878   NAND3BX3
      104  733.824   NAND3X1
        4   28.224   NAND3X2
        1   14.112   NAND4BBX1
        1   14.112   NAND4BBX2
        4   45.158   NAND4BX1
        2   22.579   NAND4BX2
       23  227.203   NAND4X2
       56  395.136   NOR2BX1
        3   21.168   NOR2BX2
      255 1.44E+03   NOR2X1
        7   39.514   NOR2X2
        1    5.645   NOR2X3
       19  160.877   NOR3BX1
        2   19.757   NOR3BX3
      115   811.44   NOR3X1
        5    35.28   NOR3X2
        7   88.906   NOR4BBX1
        3   42.336   NOR4BBX2
        8   90.317   NOR4BX1
        2   22.579   NOR4BX2
       13  128.419   NOR4X1
        3   29.635   NOR4X2
        3   29.635   OA211X1
       31   306.23   OA211X2
       49  414.893   OA21X2
      106  897.523   OAI211X1
        3   25.402   OAI211X2
      193 1.36E+03   OAI21X1
       10    70.56   OAI21X2
       13   165.11   OAI221X1
        2   25.402   OAI221X2
       27  266.717   OAI22X1
        1    9.878   OAI22X2
        2   28.224   OAI2B2BX1
        1   14.112   OAI2B2BX1P5
        8  101.606   OAI2BB2X2
       55  543.312   OAI31X1
        5   49.392   OAI31X2
      106  1047.11   OAOI211X1
       13  128.419   OAOI211X2
       44  310.464   OR2X2
       40  338.688   OR3BX1
        3   25.402   OR3BX2
       14  118.541   OR3X2
       15  148.176   OR4X1
        1    4.234   TIELO
       14  177.811   XNOR2X1
        4   50.803   XOR2X1
      142  1.4E+03   XOR2X2
        2        - submodules
        1        -   cve2_cs_registers$croc_chip.i_croc_soc.i_croc.i_core_wrap.i_core.cs_registers_i
        1        -   cve2_register_file_ff$croc_chip.i_croc_soc.i_croc.i_core_wrap.i_core.register_file_i

   Area for cell type $scopeinfo is unknown!

   Chip area for module '\core_wrap$croc_chip.i_croc_soc.i_croc.i_core_wrap': 47671.747200
     of which used for sequential elements: 10358.208000 (21.73%)

=== croc_chip ===

        +----------Local Count, excluding submodules.
        |        +-Local Area, excluding submodules.
        |        | 
      160        - wires
      160        - wire bits
      160        - public wires
      160        - public wire bits
       52        - ports
       52        - port bits
       64   921600 cells
        4    57600   sg13cmos5l_IOPadIOVdd
        4    57600   sg13cmos5l_IOPadIOVss
        9   129600   sg13cmos5l_IOPadIn
       32   460800   sg13cmos5l_IOPadInOut30mA
        7   100800   sg13cmos5l_IOPadOut16mA
        4    57600   sg13cmos5l_IOPadVdd
        4    57600   sg13cmos5l_IOPadVss
        1        - submodules
        1        -   croc_soc$croc_chip.i_croc_soc

   Area for cell type $scopeinfo is unknown!

   Chip area for module '\croc_chip': 921600.000000
     of which used for sequential elements: 0.000000 (0.00%)

=== croc_domain$croc_chip.i_croc_soc.i_croc ===

        +----------Local Count, excluding submodules.
        |        +-Local Area, excluding submodules.
        |        | 
     6895        - wires
     6895        - wire bits
     2165        - public wires
     2165        - public wire bits
      529        - ports
      529        - port bits
     5913 4.69E+04 cells
       61        -   $scopeinfo
       55   388.08   AND2X1
        1    7.056   AND2X1P5
        1    7.056   AND2X2
        5   56.448   AND3BX1
        1    11.29   AND3BX2
        1    8.467   AND3X1
       33  279.418   AND3X2
        6    59.27   AND4X1
       13  128.419   AND4X2
        3   29.635   AO211X1
       27  266.717   AO211X2
       16  158.054   AO21X2
        1   12.701   AO22X1
        5   63.504   AO22X2
       62  699.955   AO31X2
      182  1.8E+03   AOAI211X1
        9   88.906   AOAI211X2
      249 2.11E+03   AOI211X1
        8   67.738   AOI211X2
       17  143.942   AOI21BX1
        1    9.878   AOI21BX2
      252 1.78E+03   AOI21X1
        9   63.504   AOI21X2
      253  2.5E+03   AOI221X1
        3   33.869   AOI221X2
       63  622.339   AOI22X1
        1    9.878   AOI22X1P5
        1    9.878   AOI22X2
       17  143.942   AOI2B1X1
        2   19.757   AOI2B1X2
       11  124.186   AOI2B2X1
        1   14.112   AOI2BB2X1
        1    5.645   BUFX1
        1   15.523   BUFX16
      600  3386.88   BUFX3
        1    7.056   BUFX6
      148 4.18E+03   DFFRQX3
       82  347.155   INVX1
        4   16.934   INVX2
        1    4.234   INVX3
       69  876.355   MUX2X1
       56  632.218   MUXI2X1
        2   25.402   MUXI2X2
       35   987.84   MUXT4X3
      110   776.16   NAND2BX1
        4   28.224   NAND2BX1P5
        1    7.056   NAND2BX2
      620  3.5E+03   NAND2X1
        3   16.934   NAND2X1P5
        2    11.29   NAND2X2
        1    5.645   NAND2X3
       12  118.541   NAND3BX1
        1    9.878   NAND3BX3
      838 5.91E+03   NAND3X1
        5    35.28   NAND3X2
        5   56.448   NAND4BX1
       16  158.054   NAND4X2
       46  324.576   NOR2BX1
        3   21.168   NOR2BX2
      732 4.13E+03   NOR2X1
       11   62.093   NOR2X2
        4   22.579   NOR2X3
        1    9.878   NOR2X4
       25   211.68   NOR3BX1
        2   16.934   NOR3BX1P5
      223 1.57E+03   NOR3X1
       13   91.728   NOR3X2
        3   38.102   NOR4BBX1
        1   14.112   NOR4BBX2
        4   45.158   NOR4BX1
        3   33.869   NOR4BX2
        9   88.906   NOR4X1
        8   79.027   NOR4X2
        3   29.635   OA211X1
       32  316.109   OA211X2
      129 1.09E+03   OA21X2
      135 1.14E+03   OAI211X1
        2   16.934   OAI211X2
      191 1.35E+03   OAI21X1
        6   42.336   OAI21X2
       26  330.221   OAI221X1
        3   38.102   OAI221X2
       30  296.352   OAI22X1
        1    9.878   OAI22X2
        5    70.56   OAI2B2BX1
        3   38.102   OAI2BB2X2
       58  572.947   OAI31X1
        4   39.514   OAI31X2
       49  484.042   OAOI211X1
        9   88.906   OAOI211X2
        3   21.168   OR2X1
       60   423.36   OR2X2
        1    7.056   OR2X3
       17  143.942   OR3BX1
        6   50.803   OR3X2
       28  276.595   OR4X1
        1    4.234   TIEHI
        1    4.234   TIELO
        3   38.102   XNOR2X1
        3   63.504   XNOR3X1
        5   63.504   XOR2X1
       23  227.203   XOR2X2
       10        - submodules
        1        -   bootrom$croc_chip.i_croc_soc.i_croc.i_bootrom
        1        -   clint$croc_chip.i_croc_soc.i_croc.i_clint
        1        -   core_wrap$croc_chip.i_croc_soc.i_croc.i_core_wrap
        1        -   croc_idma$croc_chip.i_croc_soc.i_croc.gen_dma.i_croc_idma
        1        -   dm_top$croc_chip.i_croc_soc.i_croc.i_dm_top.i_dm_top
        1        -   dmi_jtag$croc_chip.i_croc_soc.i_croc.i_dmi_jtag
        1        -   gpio$croc_chip.i_croc_soc.i_croc.i_gpio
        1        -   obi_timer$croc_chip.i_croc_soc.i_croc.i_obi_timer
        1        -   obi_uart$croc_chip.i_croc_soc.i_croc.i_uart
        1        -   soc_ctrl_regs$croc_chip.i_croc_soc.i_croc.i_soc_ctrl

   Area for cell type $scopeinfo is unknown!

   Chip area for module '\croc_domain$croc_chip.i_croc_soc.i_croc': 46875.830400
     of which used for sequential elements: 4177.152000 (8.91%)

=== croc_idma$croc_chip.i_croc_soc.i_croc.gen_dma.i_croc_idma ===

        +----------Local Count, excluding submodules.
        |        +-Local Area, excluding submodules.
        |        | 
     6066        - wires
     6066        - wire bits
     1593        - public wires
     1593        - public wire bits
      337        - ports
      337        - port bits
     5949 7.76E+04 cells
       37        -   $scopeinfo
      239 1.69E+03   AND2X1
        5   56.448   AND3BX1
        1    8.467   AND3X1
       26  220.147   AND3X2
       26  256.838   AND4X2
        1    9.878   AO211X1
       10   98.784   AO211X2
       21  207.446   AO21X2
       63   800.15   AO22X2
        1    11.29   AO31X1
       18  203.213   AO31X2
      101  997.718   AOAI211X1
        6    59.27   AOAI211X2
       53  448.762   AOI211X1
        2   16.934   AOI211X2
       13  110.074   AOI21BX1
      154 1.09E+03   AOI21X1
        1    7.056   AOI21X2
       84  829.786   AOI221X1
       12  118.541   AOI22X1
        1    9.878   AOI22X2
       40  338.688   AOI2B1X1
        1    9.878   AOI2B1X2
        6   67.738   AOI2B2X1
        1   14.112   AOI2BB2X1
        3   33.869   BUFX12
        1   15.523   BUFX16
        2    11.29   BUFX2
        1   22.579   BUFX24
      297 1.68E+03   BUFX3
        9   63.504   BUFX6
     1265 3.57E+04   DFFRQX3
      171  723.946   INVX1
        3   12.701   INVX2
        1    4.234   INVX3
       34  335.866   MIN3X1
      938 1.19E+04   MUX2X1
        1   12.701   MUX2X2
      485 5.48E+03   MUXI2X1
        3   38.102   MUXI2X2
       52  366.912   NAND2BX1
        2   14.112   NAND2BX3
      256 1.45E+03   NAND2X1
       24  135.475   NAND2X2
        6   33.869   NAND2X3
        8   79.027   NAND3BX1
       84  592.704   NAND3X1
        7   49.392   NAND3X2
        1   14.112   NAND4BBX1
        5   56.448   NAND4BX1
       36  355.622   NAND4X2
       91  642.096   NOR2BX1
        1    7.056   NOR2BX2
      289 1.63E+03   NOR2X1
        5   28.224   NOR2X2
        2    11.29   NOR2X3
       35  296.352   NOR3BX1
        1    8.467   NOR3BX1P5
        3   29.635   NOR3BX3
       82  578.592   NOR3X1
        5    35.28   NOR3X2
        6   76.205   NOR4BBX1
        3   33.869   NOR4BX1
        1    11.29   NOR4BX2
       36  355.622   NOR4X1
        2   19.757   NOR4X2
        1    9.878   OA211X1
       12  118.541   OA211X2
       33  279.418   OA21X2
       27  228.614   OAI211X1
        2   16.934   OAI211X2
      157 1.11E+03   OAI21X1
        4   28.224   OAI21X2
        7   88.906   OAI221X1
        1   12.701   OAI221X2
       12  118.541   OAI22X1
        2   28.224   OAI2B2BX1
        4   50.803   OAI2BB2X2
        6    59.27   OAI31X1
        1    9.878   OAI31X2
       60  592.704   OAOI211X1
        2   19.757   OAOI211X2
       36  254.016   OR2X2
       73  618.106   OR3BX1
        5   42.336   OR3BX2
        4   33.869   OR3X1
        2   16.934   OR3X2
       15  148.176   OR4X1
        1    4.234   TIEHI
        1    4.234   TIELO
       12   152.41   XNOR2X1
       13   165.11   XOR2X1
      276 2.73E+03   XOR2X2

   Area for cell type $scopeinfo is unknown!

   Chip area for module '\croc_idma$croc_chip.i_croc_soc.i_croc.gen_dma.i_croc_idma': 77560.963200
     of which used for sequential elements: 35703.360000 (46.03%)

=== croc_soc$croc_chip.i_croc_soc ===

        +----------Local Count, excluding submodules.
        |        +-Local Area, excluding submodules.
        |        | 
      537        - wires
      537        - wire bits
      536        - public wires
      536        - public wire bits
      108        - ports
      108        - port bits
        7   117.13 cells
        2        -   $scopeinfo
        4  112.896   DFFRQX3
        1    4.234   TIEHI
        5        - submodules
        1        -   croc_domain$croc_chip.i_croc_soc.i_croc
        1        -   tc_clk_mux2$croc_chip.i_croc_soc.i_rstgen.i_rstgen_bypass.i_tc_clk_mux2_init_no
        1        -   tc_clk_mux2$croc_chip.i_croc_soc.i_rstgen.i_rstgen_bypass.i_tc_clk_mux2_rst_n
        1        -   tc_clk_mux2$croc_chip.i_croc_soc.i_rstgen.i_rstgen_bypass.i_tc_clk_mux2_rst_no
        1        -   user_domain$croc_chip.i_croc_soc.i_user

   Area for cell type $scopeinfo is unknown!

   Chip area for module '\croc_soc$croc_chip.i_croc_soc': 117.129600
     of which used for sequential elements: 112.896000 (96.39%)

=== cve2_cs_registers$croc_chip.i_croc_soc.i_croc.i_core_wrap.i_core.cs_registers_i ===

        +----------Local Count, excluding submodules.
        |        +-Local Area, excluding submodules.
        |        | 
     3430        - wires
     3430        - wire bits
      968        - public wires
      968        - public wire bits
      581        - ports
      581        - port bits
     3027  35809.2 cells
       19        -   $scopeinfo
       89  627.984   AND2X1
        1    7.056   AND2X2
        1    7.056   AND2X3
        2   22.579   AND3BX1
        2   22.579   AND3BX2
        8   67.738   AND3X1
       30  254.016   AND3X2
        4   39.514   AND4X1
       31   306.23   AND4X2
       17  167.933   AO211X1
       11  108.662   AO211X2
        6    59.27   AO21X2
        1   12.701   AO22X1
        7   88.906   AO22X2
        2   22.579   AO31X1
        3   33.869   AO31X2
       76  750.758   AOAI211X1
        2   19.757   AOAI211X2
       19  160.877   AOI211X1
        1    8.467   AOI211X2
        7    59.27   AOI21BX1
      104  733.824   AOI21X1
       28  197.568   AOI21X2
       85  839.664   AOI221X1
        2   22.579   AOI221X3
       51  503.798   AOI22X1
        1    9.878   AOI22X2
       12  101.606   AOI2B1X1
        9  101.606   AOI2B2X1
        1    11.29   BUFX12
      224 1.26E+03   BUFX3
       15   105.84   BUFX6
        1    11.29   BUFX8
      496  1.4E+04   DFFRQX3
       49  207.446   INVX1
        1    4.234   INVX2
        1    9.878   MIN3X1
      264 3.35E+03   MUX2X1
        3   38.102   MUX2X2
      293 3.31E+03   MUXI2X1
        1   12.701   MUXI2X2
        1   28.224   MUXT4X1P5
        7  197.568   MUXT4X3
        8   56.448   NAND2BX1
        1    7.056   NAND2BX1P5
      174  982.195   NAND2X1
        6   33.869   NAND2X1P5
        3   16.934   NAND2X2
        1    5.645   NAND2X3
        1    9.878   NAND2X4
        9   88.906   NAND3BX1
        1    9.878   NAND3BX2
       70   493.92   NAND3X1
       11   77.616   NAND3X2
        2   28.224   NAND4BBX2
        2   22.579   NAND4BX1
        3   33.869   NAND4BX2
       22  217.325   NAND4X2
       17  119.952   NOR2BX1
        1    7.056   NOR2BX2
      128  722.534   NOR2X1
        5   28.224   NOR2X2
       12   67.738   NOR2X3
       15  127.008   NOR3BX1
        1    8.467   NOR3BX1P5
        5   49.392   NOR3BX3
       59  416.304   NOR3X1
       25    176.4   NOR3X2
        6   76.205   NOR4BBX1
        5    70.56   NOR4BBX2
        5   56.448   NOR4BX1
        6   67.738   NOR4BX2
       14  138.298   NOR4X1
        3   29.635   NOR4X2
        8   79.027   OA211X2
       15  127.008   OA21X2
       47  397.958   OAI211X1
      125      882   OAI21X1
        1    7.056   OAI21X2
        2   25.402   OAI221X1
       41  405.014   OAI22X1
        2   28.224   OAI2B2BX1
        9  114.307   OAI2BB2X2
       22  217.325   OAI31X1
       10   98.784   OAI31X2
       24  237.082   OAOI211X1
        5   49.392   OAOI211X2
       13   91.728   OR2X2
        1    7.056   OR2X3
       10   84.672   OR3BX1
        4   33.869   OR3BX2
        1    8.467   OR3X1
        4   33.869   OR3X2
        7   69.149   OR4X1
        1    4.234   TIELO
       66  651.974   XOR2X2

   Area for cell type $scopeinfo is unknown!

   Chip area for module '\cve2_cs_registers$croc_chip.i_croc_soc.i_croc.i_core_wrap.i_core.cs_registers_i': 35809.200000
     of which used for sequential elements: 13999.104000 (39.09%)

=== cve2_register_file_ff$croc_chip.i_croc_soc.i_croc.i_core_wrap.i_core.register_file_i ===

        +----------Local Count, excluding submodules.
        |        +-Local Area, excluding submodules.
        |        | 
     3972        - wires
     3972        - wire bits
     1107        - public wires
     1107        - public wire bits
      115        - ports
      115        - port bits
     3921 6.25E+04 cells
        2   14.112   AND2X1
        2   22.579   AND3BX1
        1    8.467   AND3X1
        1    9.878   AND4X2
       61  774.749   AO22X1
        3   38.102   AO22X2
        2    11.29   BUFX1
        2   22.579   BUFX12
       20  451.584   BUFX24
      352  1986.97   BUFX3
        2   84.672   BUFX48
       22  155.232   BUFX6
      992  2.8E+04   DFFRQX3
      992 1.26E+04   MUX2X1
      704 7.95E+03   MUXI2X1
       66 1.86E+03   MUXT4X1
        7  197.568   MUXT4X1P5
      119 3.36E+03   MUXT4X3
        2   14.112   NAND2BX1
        8   56.448   NAND2BX2
        1    7.056   NAND2BX3
       64  361.267   NAND2X1
       14   79.027   NAND2X1P5
        1    5.645   NAND2X2
        3   16.934   NAND2X3
        1    11.29   NAND4BX2
        4   28.224   NOR2BX1
        3   21.168   NOR2BX2
       10   56.448   NOR2X2
        2   16.934   NOR3BX1
        2   19.757   NOR3BX3
        2   14.112   NOR3X2
       64  541.901   OAI211X1
       64  451.584   OAI21X1
      256  2528.87   OAI22X1
       59  582.826   OAOI211X1
        5   49.392   OAOI211X2
        4   28.224   OR2X2
        2   16.934   OR3BX2

   Chip area for module '\cve2_register_file_ff$croc_chip.i_croc_soc.i_croc.i_core_wrap.i_core.register_file_i': 62452.656000
     of which used for sequential elements: 27998.208000 (44.83%)

=== dm_top$croc_chip.i_croc_soc.i_croc.i_dm_top.i_dm_top ===

        +----------Local Count, excluding submodules.
        |        +-Local Area, excluding submodules.
        |        | 
     4368        - wires
     4368        - wire bits
      989        - public wires
      989        - public wire bits
      360        - ports
      360        - port bits
     4154 4.85E+04 cells
        5        -   $scopeinfo
       51  359.856   AND2X1
        4   28.224   AND2X2
       21  177.811   AND3X2
       17  167.933   AND4X2
       14  138.298   AO211X2
       84  829.786   AO21X2
       13   165.11   AO22X2
       11  124.186   AO31X2
       46  454.406   AOAI211X1
        6    59.27   AOAI211X2
       58  491.098   AOI211X1
       17  143.942   AOI21BX1
       89  627.984   AOI21X1
        1    7.056   AOI21X2
       94   928.57   AOI221X1
        1    11.29   AOI221X2
       46  454.406   AOI22X1
      105  889.056   AOI2B1X1
        6   67.738   AOI2B2X1
        3   16.934   BUFX2
      380 2.15E+03   BUFX3
      665 1.88E+04   DFFRQX3
       59  249.782   INVX1
        6   25.402   INVX2
        1    9.878   MIN3X1
      119 1.51E+03   MUX2X1
      202 2.28E+03   MUXI2X1
      124  3.5E+03   MUXT4X3
       25    176.4   NAND2BX1
        2   14.112   NAND2BX1P5
      616 3.48E+03   NAND2X1
        4   22.579   NAND2X1P5
        2    11.29   NAND2X3
       14  138.298   NAND3BX1
      144 1.02E+03   NAND3X1
       10    70.56   NAND3X2
        2   28.224   NAND4BBX1
        3   33.869   NAND4BX1
       12  118.541   NAND4X2
       39  275.184   NOR2BX1
        3   21.168   NOR2BX2
      173   976.55   NOR2X1
        2    11.29   NOR2X2
       73  618.106   NOR3BX1
       11   93.139   NOR3BX1P5
       46  324.576   NOR3X1
        2   25.402   NOR4BBX1
        7   79.027   NOR4BX1
        1    11.29   NOR4BX2
        6    59.27   NOR4X1
        3   29.635   NOR4X2
       22  217.325   OA211X2
       26  220.147   OA21X2
       47  397.958   OAI211X1
      302 2.13E+03   OAI21X1
        2   14.112   OAI21X2
       82 1.04E+03   OAI221X1
        6    59.27   OAI22X1
        6   84.672   OAI2B2BX1
       14  177.811   OAI2BB2X2
       60  592.704   OAI31X1
       50   493.92   OAOI211X1
       15   105.84   OR2X2
       27  228.614   OR3BX1
        1    8.467   OR3BX2
        3   25.402   OR3X2
        6    59.27   OR4X1
        1   12.701   XNOR2X1
        1   21.168   XNOR3X1
       35  345.744   XOR2X2

   Area for cell type $scopeinfo is unknown!

   Chip area for module '\dm_top$croc_chip.i_croc_soc.i_croc.i_dm_top.i_dm_top': 48502.944000
     of which used for sequential elements: 18768.960000 (38.70%)

=== dmi_jtag$croc_chip.i_croc_soc.i_croc.i_dmi_jtag ===

        +----------Local Count, excluding submodules.
        |        +-Local Area, excluding submodules.
        |        | 
     1054        - wires
     1054        - wire bits
      377        - public wires
      377        - public wire bits
       89        - ports
       89        - port bits
      931  1.1E+04 cells
        2        -   $scopeinfo
        7   49.392   AND2X1
        2   14.112   AND2X1P5
        2   16.934   AND3X1
        4   33.869   AND3X2
        1    9.878   AND4X2
        2   19.757   AO211X2
       13  128.419   AO21X2
       51  647.741   AO22X1
        2   25.402   AO22X2
        1    11.29   AO31X1
        1    11.29   AO31X2
        4   39.514   AOAI211X1
       10   98.784   AOAI211X2
        7    59.27   AOI211X1
        8   67.738   AOI21BX1
       14   98.784   AOI21X1
        1    7.056   AOI21X2
        5   49.392   AOI22X1
       11  108.662   AOI22X1P5
        6    59.27   AOI22X2
        4   33.869   AOI2B1X1
        4   45.158   AOI2B2X1
        3   33.869   BUFX12
       79  445.939   BUFX3
        6   42.336   BUFX6
      168 4.74E+03   DFFRQX3
       55  232.848   INVX1
        1    4.234   INVX2
        1    4.234   INVX3
       41  520.733   MUX2X1
        2   22.579   MUXI2X1
        2   14.112   NAND2BX1
        1    7.056   NAND2BX1P5
       70  395.136   NAND2X1
        1    5.645   NAND2X2
        1    5.645   NAND2X3
        6   42.336   NAND3X1
        6   42.336   NOR2BX1
       76  429.005   NOR2X1
        1    5.645   NOR2X2
        2    11.29   NOR2X3
        3   25.402   NOR3BX1
        1    8.467   NOR3BX1P5
        7   49.392   NOR3X1
        1    7.056   NOR3X2
        1   14.112   NOR4BBX2
        3   33.869   NOR4BX2
       38  375.379   NOR4X1
       38  375.379   NOR4X2
       40  395.136   OA211X1
        2   19.757   OA211X2
       24  203.213   OAI211X1
       10    70.56   OAI21X1
        4   28.224   OAI21X2
        2   25.402   OAI221X1
        6    59.27   OAI22X1
        3   42.336   OAI2B2BX1
        4   39.514   OAI31X1
        8   79.027   OAI31X2
       20  197.568   OAOI211X1
       15  148.176   OAOI211X2
        1    7.056   OR2X1
        3   21.168   OR2X2
        1    7.056   OR2X3
        1    8.467   OR3BX1
        1    8.467   OR3BX2
        1    8.467   OR3X2
        3   29.635   OR4X1
        1    4.234   TIEHI
        1    4.234   TIELO
        4   39.514   XOR2X2
        4        - submodules
        1        -   cdc_2phase_clearable$croc_chip.i_croc_soc.i_croc.i_dmi_jtag.i_dmi_cdc.i_cdc_req
        1        -   cdc_2phase_clearable$croc_chip.i_croc_soc.i_croc.i_dmi_jtag.i_dmi_cdc.i_cdc_resp
        1        -   tc_clk_inverter$croc_chip.i_croc_soc.i_croc.i_dmi_jtag.i_dmi_jtag_tap.i_tck_inv
        1        -   tc_clk_mux2$croc_chip.i_croc_soc.i_croc.i_dmi_jtag.i_dmi_jtag_tap.i_dft_tck_mux

   Area for cell type $scopeinfo is unknown!

   Chip area for module '\dmi_jtag$croc_chip.i_croc_soc.i_croc.i_dmi_jtag': 10977.724800
     of which used for sequential elements: 4741.632000 (43.19%)

=== gpio$croc_chip.i_croc_soc.i_croc.i_gpio ===

        +----------Local Count, excluding submodules.
        |        +-Local Area, excluding submodules.
        |        | 
     1352        - wires
     1352        - wire bits
      611        - public wires
      611        - public wire bits
      246        - ports
      246        - port bits
     1207 1.55E+04 cells
        1        -   $scopeinfo
       69  486.864   AND2X1
       32   270.95   AND3X1
       10   84.672   AND3X2
        4   39.514   AND4X2
       26  256.838   AOAI211X1
        1    8.467   AOI211X1
       32  225.792   AOI21X1
       19   187.69   AOI221X1
       26  256.838   AOI22X1
        1    11.29   BUFX12
       37  208.858   BUFX3
        6   42.336   BUFX6
      270  7620.48   DFFRQX3
       33  139.709   INVX1
      147 1.87E+03   MUX2X1
       38  429.005   MUXI2X1
        5    35.28   NAND2BX1
        1    7.056   NAND2BX1P5
      166  937.037   NAND2X1
        1    7.056   NAND3X1
        5    35.28   NAND3X2
        2   19.757   NAND4X2
       50    352.8   NOR2BX1
        1    7.056   NOR2BX2
       48   270.95   NOR2X1
        8   45.158   NOR2X2
        1    5.645   NOR2X3
       33  279.418   NOR3BX1
        1    7.056   NOR3X1
        1    7.056   NOR3X2
        1   14.112   NOR4BBX2
        1    11.29   NOR4BX1
        9   88.906   NOR4X1
        1    8.467   OA21X2
       32   270.95   OAI211X1
       19   187.69   OAI22X1
       32  406.426   OAI2BB2X2
       32  316.109   OAI31X1
        1    7.056   OR2X2
        1    8.467   OR3X2
        1    9.878   OR4X1
        1    4.234   TIEHI
        1    4.234   TIELO
       32        - submodules
        1        -   sync$croc_chip.i_croc_soc.i_croc.i_gpio.gen_gpios[0].i_sync
        1        -   sync$croc_chip.i_croc_soc.i_croc.i_gpio.gen_gpios[10].i_sync
        1        -   sync$croc_chip.i_croc_soc.i_croc.i_gpio.gen_gpios[11].i_sync
        1        -   sync$croc_chip.i_croc_soc.i_croc.i_gpio.gen_gpios[12].i_sync
        1        -   sync$croc_chip.i_croc_soc.i_croc.i_gpio.gen_gpios[13].i_sync
        1        -   sync$croc_chip.i_croc_soc.i_croc.i_gpio.gen_gpios[14].i_sync
        1        -   sync$croc_chip.i_croc_soc.i_croc.i_gpio.gen_gpios[15].i_sync
        1        -   sync$croc_chip.i_croc_soc.i_croc.i_gpio.gen_gpios[16].i_sync
        1        -   sync$croc_chip.i_croc_soc.i_croc.i_gpio.gen_gpios[17].i_sync
        1        -   sync$croc_chip.i_croc_soc.i_croc.i_gpio.gen_gpios[18].i_sync
        1        -   sync$croc_chip.i_croc_soc.i_croc.i_gpio.gen_gpios[19].i_sync
        1        -   sync$croc_chip.i_croc_soc.i_croc.i_gpio.gen_gpios[1].i_sync
        1        -   sync$croc_chip.i_croc_soc.i_croc.i_gpio.gen_gpios[20].i_sync
        1        -   sync$croc_chip.i_croc_soc.i_croc.i_gpio.gen_gpios[21].i_sync
        1        -   sync$croc_chip.i_croc_soc.i_croc.i_gpio.gen_gpios[22].i_sync
        1        -   sync$croc_chip.i_croc_soc.i_croc.i_gpio.gen_gpios[23].i_sync
        1        -   sync$croc_chip.i_croc_soc.i_croc.i_gpio.gen_gpios[24].i_sync
        1        -   sync$croc_chip.i_croc_soc.i_croc.i_gpio.gen_gpios[25].i_sync
        1        -   sync$croc_chip.i_croc_soc.i_croc.i_gpio.gen_gpios[26].i_sync
        1        -   sync$croc_chip.i_croc_soc.i_croc.i_gpio.gen_gpios[27].i_sync
        1        -   sync$croc_chip.i_croc_soc.i_croc.i_gpio.gen_gpios[28].i_sync
        1        -   sync$croc_chip.i_croc_soc.i_croc.i_gpio.gen_gpios[29].i_sync
        1        -   sync$croc_chip.i_croc_soc.i_croc.i_gpio.gen_gpios[2].i_sync
        1        -   sync$croc_chip.i_croc_soc.i_croc.i_gpio.gen_gpios[30].i_sync
        1        -   sync$croc_chip.i_croc_soc.i_croc.i_gpio.gen_gpios[31].i_sync
        1        -   sync$croc_chip.i_croc_soc.i_croc.i_gpio.gen_gpios[3].i_sync
        1        -   sync$croc_chip.i_croc_soc.i_croc.i_gpio.gen_gpios[4].i_sync
        1        -   sync$croc_chip.i_croc_soc.i_croc.i_gpio.gen_gpios[5].i_sync
        1        -   sync$croc_chip.i_croc_soc.i_croc.i_gpio.gen_gpios[6].i_sync
        1        -   sync$croc_chip.i_croc_soc.i_croc.i_gpio.gen_gpios[7].i_sync
        1        -   sync$croc_chip.i_croc_soc.i_croc.i_gpio.gen_gpios[8].i_sync
        1        -   sync$croc_chip.i_croc_soc.i_croc.i_gpio.gen_gpios[9].i_sync

   Area for cell type $scopeinfo is unknown!

   Chip area for module '\gpio$croc_chip.i_croc_soc.i_croc.i_gpio': 15490.742400
     of which used for sequential elements: 7620.480000 (49.19%)

=== obi_timer$croc_chip.i_croc_soc.i_croc.i_obi_timer ===

        +----------Local Count, excluding submodules.
        |        +-Local Area, excluding submodules.
        |        | 
      619        - wires
      619        - wire bits
      252        - public wires
      252        - public wire bits
      119        - ports
      119        - port bits
      540 7.08E+03 cells
       10    70.56   AND2X1
        1    7.056   AND2X1P5
        2   14.112   AND2X2
        1    7.056   AND2X3
        2   22.579   AND3BX1
        3   25.402   AND3X1
        4   33.869   AND3X2
        2   19.757   AND4X1
        3   29.635   AND4X2
        6    59.27   AOAI211X1
        2   16.934   AOI211X1
        3   21.168   AOI21X1
        1    7.056   AOI21X2
        2   19.757   AOI221X1
        1    8.467   AOI2B1X1
        1   15.523   AOI2B2BX1
        1   15.523   AOI2B2BX2
        9  101.606   BUFX12
       19  107.251   BUFX3
        4   28.224   BUFX6
        1    11.29   BUFX8
      106 2.99E+03   DFFRQX3
        8   33.869   INVX1
        4   39.514   MIN3X1
        1    9.878   MIN3X1P5
       34  431.827   MUX2X1
       60  677.376   MUXI2X1
        2   56.448   MUXT4X3
       20   141.12   NAND2BX1
        1    7.056   NAND2BX1P5
        8   45.158   NAND2X1
        1    5.645   NAND2X1P5
        4   22.579   NAND2X2
        1    9.878   NAND3BX1
        1    9.878   NAND3BX2
        2   14.112   NAND3X1
        3   21.168   NAND3X2
        5   49.392   NAND4X2
       21  148.176   NOR2BX1
        4   28.224   NOR2BX2
       32  180.634   NOR2X1
        2   16.934   NOR3BX1
        1    8.467   NOR3BX1P5
        1    9.878   NOR3BX3
        1    7.056   NOR3X1
        2   25.402   NOR4BBX1
        1    11.29   NOR4BX1
        2   22.579   NOR4BX2
        8   79.027   NOR4X1
        4   39.514   NOR4X2
       19  160.877   OA21X2
        1    8.467   OAI211X1
        1    7.056   OAI21X1
        1   14.112   OAI2B2BX1
        1   14.112   OAI2B2BX1P5
       33  419.126   OAI2BB2X2
        1    9.878   OAI31X1
        6    59.27   OAOI211X1
        2   19.757   OAOI211X2
        3   25.402   OR3BX1
        1    8.467   OR3X2
        1    9.878   OR4X2
        1    4.234   TIEHI
        1    4.234   TIELO
        4   50.803   XNOR2X1
        8  101.606   XOR2X1
       38  375.379   XOR2X2

   Chip area for module '\obi_timer$croc_chip.i_croc_soc.i_croc.i_obi_timer': 7078.579200
     of which used for sequential elements: 2991.744000 (42.26%)

=== obi_uart$croc_chip.i_croc_soc.i_croc.i_uart ===

        +----------Local Count, excluding submodules.
        |        +-Local Area, excluding submodules.
        |        | 
     2013        - wires
     2013        - wire bits
      664        - public wires
      664        - public wire bits
      129        - ports
      129        - port bits
     1905 2.85E+04 cells
       14        -   $scopeinfo
       41  289.296   AND2X1
        1    11.29   AND3BX1
       12  101.606   AND3X2
        2   19.757   AND4X1
        4   39.514   AND4X2
        8   79.027   AO211X2
       10   98.784   AO21X2
        1    11.29   AO31X2
       18  177.811   AOAI211X1
       20  169.344   AOI211X1
        1    8.467   AOI21BX1
       29  204.624   AOI21X1
        3   21.168   AOI21X2
       22  217.325   AOI221X1
        2   22.579   AOI221X3
        2   19.757   AOI22X1
       21  177.811   AOI2B1X1
        6   67.738   AOI2B2X1
        1    5.645   BUFX2
      102   575.77   BUFX3
        6   42.336   BUFX6
      498 1.41E+04   DFFRQX3
       42  177.811   INVX1
        3   29.635   MIN3X1
      374 4.75E+03   MUX2X1
       40  451.584   MUXI2X1
       92  2.6E+03   MUXT4X3
       31  218.736   NAND2BX1
        1    7.056   NAND2BX1P5
       56  316.109   NAND2X1
        1    5.645   NAND2X1P5
       14   79.027   NAND2X2
       30   211.68   NAND3X1
        8   56.448   NAND3X2
       11  108.662   NAND4X2
       28  197.568   NOR2BX1
        2   14.112   NOR2BX2
       84  474.163   NOR2X1
        8   45.158   NOR2X2
        2    11.29   NOR2X3
       19  160.877   NOR3BX1
        2   19.757   NOR3BX3
       24  169.344   NOR3X1
        7   49.392   NOR3X2
        1    11.29   NOR4BX1
        1    11.29   NOR4BX2
       10   98.784   NOR4X1
        3   29.635   NOR4X2
        2   19.757   OA211X2
        5   42.336   OA21X2
        4   33.869   OAI211X1
        1    8.467   OAI211X2
       16  112.896   OAI21X1
        1   12.701   OAI221X1
        3   38.102   OAI2BB2X2
        8   79.027   OAI31X1
       16  158.054   OAOI211X1
        1    7.056   OR2X1
        7   49.392   OR2X2
       17  143.942   OR3BX1
        3   25.402   OR3BX2
        5   42.336   OR3X2
        8   79.027   OR4X1
        1    4.234   TIELO
        6   76.205   XNOR2X1
        2   25.402   XOR2X1
       81   800.15   XOR2X2
        5        - submodules
        1        -   sync$croc_chip.i_croc_soc.i_croc.i_uart.i_uart_modem.i_sync_cd
        1        -   sync$croc_chip.i_croc_soc.i_croc.i_uart.i_uart_modem.i_sync_cts
        1        -   sync$croc_chip.i_croc_soc.i_croc.i_uart.i_uart_modem.i_sync_dsr
        1        -   sync$croc_chip.i_croc_soc.i_croc.i_uart.i_uart_modem.i_sync_ri
        1        -   sync$croc_chip.i_croc_soc.i_croc.i_uart.i_uart_rx.i_sync

   Area for cell type $scopeinfo is unknown!

   Chip area for module '\obi_uart$croc_chip.i_croc_soc.i_croc.i_uart': 28476.604800
     of which used for sequential elements: 14055.552000 (49.36%)

=== soc_ctrl_regs$croc_chip.i_croc_soc.i_croc.i_soc_ctrl ===

        +----------Local Count, excluding submodules.
        |        +-Local Area, excluding submodules.
        |        | 
      384        - wires
      384        - wire bits
      187        - public wires
      187        - public wire bits
      119        - ports
      119        - port bits
      305  4244.89 cells
       33  232.848   AND2X1
        1    9.878   AND4X2
       20   141.12   AOI21X1
        3   33.869   BUFX12
       19  107.251   BUFX3
       76 2.15E+03   DFFRQX3
        4   16.934   INVX1
       65  825.552   MUX2X1
       16  180.634   MUXI2X1
        1    7.056   NAND2BX1
        1    7.056   NAND2BX2
        2    11.29   NAND2X1
        1    9.878   NAND3BX3
        1    7.056   NAND3X1
       12   67.738   NOR2X1
       19  160.877   NOR3BX1
        1    9.878   NOR3BX3
        2   14.112   NOR3X1
        1    9.878   OA211X2
        1    8.467   OAI211X1
        1    7.056   OAI21X1
       20  197.568   OAOI211X1
        1    8.467   OR3BX1
        2   16.934   OR3X2
        1    4.234   TIEHI
        1    4.234   TIELO

   Chip area for module '\soc_ctrl_regs$croc_chip.i_croc_soc.i_croc.i_soc_ctrl': 4244.889600
     of which used for sequential elements: 2145.024000 (50.53%)

=== sync$croc_chip.i_croc_soc.i_croc.i_clint.i_sync ===

        +----------Local Count, excluding submodules.
        |        +-Local Area, excluding submodules.
        |        | 
        6        - wires
        6        - wire bits
        6        - public wires
        6        - public wire bits
        4        - ports
        4        - port bits
        2   56.448 cells
        2   56.448   DFFRQX3

   Chip area for module '\sync$croc_chip.i_croc_soc.i_croc.i_clint.i_sync': 56.448000
     of which used for sequential elements: 56.448000 (100.00%)

=== sync$croc_chip.i_croc_soc.i_croc.i_dmi_jtag.i_dmi_cdc.i_cdc_req.i_cdc_reset_ctrlr.i_cdc_reset_ctrlr_half_a.i_state_transition_cdc_dst.i_sync ===

        +----------Local Count, excluding submodules.
        |        +-Local Area, excluding submodules.
        |        | 
        6        - wires
        6        - wire bits
        6        - public wires
        6        - public wire bits
        4        - ports
        4        - port bits
        2   56.448 cells
        2   56.448   DFFRQX3

   Chip area for module '\sync$croc_chip.i_croc_soc.i_croc.i_dmi_jtag.i_dmi_cdc.i_cdc_req.i_cdc_reset_ctrlr.i_cdc_reset_ctrlr_half_a.i_state_transition_cdc_dst.i_sync': 56.448000
     of which used for sequential elements: 56.448000 (100.00%)

=== sync$croc_chip.i_croc_soc.i_croc.i_dmi_jtag.i_dmi_cdc.i_cdc_req.i_cdc_reset_ctrlr.i_cdc_reset_ctrlr_half_a.i_state_transition_cdc_src.i_sync ===

        +----------Local Count, excluding submodules.
        |        +-Local Area, excluding submodules.
        |        | 
        6        - wires
        6        - wire bits
        6        - public wires
        6        - public wire bits
        4        - ports
        4        - port bits
        2   56.448 cells
        2   56.448   DFFRQX3

   Chip area for module '\sync$croc_chip.i_croc_soc.i_croc.i_dmi_jtag.i_dmi_cdc.i_cdc_req.i_cdc_reset_ctrlr.i_cdc_reset_ctrlr_half_a.i_state_transition_cdc_src.i_sync': 56.448000
     of which used for sequential elements: 56.448000 (100.00%)

=== sync$croc_chip.i_croc_soc.i_croc.i_dmi_jtag.i_dmi_cdc.i_cdc_req.i_cdc_reset_ctrlr.i_cdc_reset_ctrlr_half_b.i_state_transition_cdc_dst.i_sync ===

        +----------Local Count, excluding submodules.
        |        +-Local Area, excluding submodules.
        |        | 
        6        - wires
        6        - wire bits
        6        - public wires
        6        - public wire bits
        4        - ports
        4        - port bits
        2   56.448 cells
        2   56.448   DFFRQX3

   Chip area for module '\sync$croc_chip.i_croc_soc.i_croc.i_dmi_jtag.i_dmi_cdc.i_cdc_req.i_cdc_reset_ctrlr.i_cdc_reset_ctrlr_half_b.i_state_transition_cdc_dst.i_sync': 56.448000
     of which used for sequential elements: 56.448000 (100.00%)

=== sync$croc_chip.i_croc_soc.i_croc.i_dmi_jtag.i_dmi_cdc.i_cdc_req.i_cdc_reset_ctrlr.i_cdc_reset_ctrlr_half_b.i_state_transition_cdc_src.i_sync ===

        +----------Local Count, excluding submodules.
        |        +-Local Area, excluding submodules.
        |        | 
        6        - wires
        6        - wire bits
        6        - public wires
        6        - public wire bits
        4        - ports
        4        - port bits
        2   56.448 cells
        2   56.448   DFFRQX3

   Chip area for module '\sync$croc_chip.i_croc_soc.i_croc.i_dmi_jtag.i_dmi_cdc.i_cdc_req.i_cdc_reset_ctrlr.i_cdc_reset_ctrlr_half_b.i_state_transition_cdc_src.i_sync': 56.448000
     of which used for sequential elements: 56.448000 (100.00%)

=== sync$croc_chip.i_croc_soc.i_croc.i_dmi_jtag.i_dmi_cdc.i_cdc_req.i_dst.i_sync ===

        +----------Local Count, excluding submodules.
        |        +-Local Area, excluding submodules.
        |        | 
        7        - wires
        7        - wire bits
        7        - public wires
        7        - public wire bits
        4        - ports
        4        - port bits
        3   84.672 cells
        3   84.672   DFFRQX3

   Chip area for module '\sync$croc_chip.i_croc_soc.i_croc.i_dmi_jtag.i_dmi_cdc.i_cdc_req.i_dst.i_sync': 84.672000
     of which used for sequential elements: 84.672000 (100.00%)

=== sync$croc_chip.i_croc_soc.i_croc.i_dmi_jtag.i_dmi_cdc.i_cdc_req.i_src.i_sync ===

        +----------Local Count, excluding submodules.
        |        +-Local Area, excluding submodules.
        |        | 
        7        - wires
        7        - wire bits
        7        - public wires
        7        - public wire bits
        4        - ports
        4        - port bits
        3   84.672 cells
        3   84.672   DFFRQX3

   Chip area for module '\sync$croc_chip.i_croc_soc.i_croc.i_dmi_jtag.i_dmi_cdc.i_cdc_req.i_src.i_sync': 84.672000
     of which used for sequential elements: 84.672000 (100.00%)

=== sync$croc_chip.i_croc_soc.i_croc.i_dmi_jtag.i_dmi_cdc.i_cdc_resp.i_cdc_reset_ctrlr.i_cdc_reset_ctrlr_half_a.i_state_transition_cdc_dst.i_sync ===

        +----------Local Count, excluding submodules.
        |        +-Local Area, excluding submodules.
        |        | 
        6        - wires
        6        - wire bits
        6        - public wires
        6        - public wire bits
        4        - ports
        4        - port bits
        2   56.448 cells
        2   56.448   DFFRQX3

   Chip area for module '\sync$croc_chip.i_croc_soc.i_croc.i_dmi_jtag.i_dmi_cdc.i_cdc_resp.i_cdc_reset_ctrlr.i_cdc_reset_ctrlr_half_a.i_state_transition_cdc_dst.i_sync': 56.448000
     of which used for sequential elements: 56.448000 (100.00%)

=== sync$croc_chip.i_croc_soc.i_croc.i_dmi_jtag.i_dmi_cdc.i_cdc_resp.i_cdc_reset_ctrlr.i_cdc_reset_ctrlr_half_a.i_state_transition_cdc_src.i_sync ===

        +----------Local Count, excluding submodules.
        |        +-Local Area, excluding submodules.
        |        | 
        6        - wires
        6        - wire bits
        6        - public wires
        6        - public wire bits
        4        - ports
        4        - port bits
        2   56.448 cells
        2   56.448   DFFRQX3

   Chip area for module '\sync$croc_chip.i_croc_soc.i_croc.i_dmi_jtag.i_dmi_cdc.i_cdc_resp.i_cdc_reset_ctrlr.i_cdc_reset_ctrlr_half_a.i_state_transition_cdc_src.i_sync': 56.448000
     of which used for sequential elements: 56.448000 (100.00%)

=== sync$croc_chip.i_croc_soc.i_croc.i_dmi_jtag.i_dmi_cdc.i_cdc_resp.i_cdc_reset_ctrlr.i_cdc_reset_ctrlr_half_b.i_state_transition_cdc_dst.i_sync ===

        +----------Local Count, excluding submodules.
        |        +-Local Area, excluding submodules.
        |        | 
        6        - wires
        6        - wire bits
        6        - public wires
        6        - public wire bits
        4        - ports
        4        - port bits
        2   56.448 cells
        2   56.448   DFFRQX3

   Chip area for module '\sync$croc_chip.i_croc_soc.i_croc.i_dmi_jtag.i_dmi_cdc.i_cdc_resp.i_cdc_reset_ctrlr.i_cdc_reset_ctrlr_half_b.i_state_transition_cdc_dst.i_sync': 56.448000
     of which used for sequential elements: 56.448000 (100.00%)

=== sync$croc_chip.i_croc_soc.i_croc.i_dmi_jtag.i_dmi_cdc.i_cdc_resp.i_cdc_reset_ctrlr.i_cdc_reset_ctrlr_half_b.i_state_transition_cdc_src.i_sync ===

        +----------Local Count, excluding submodules.
        |        +-Local Area, excluding submodules.
        |        | 
        6        - wires
        6        - wire bits
        6        - public wires
        6        - public wire bits
        4        - ports
        4        - port bits
        2   56.448 cells
        2   56.448   DFFRQX3

   Chip area for module '\sync$croc_chip.i_croc_soc.i_croc.i_dmi_jtag.i_dmi_cdc.i_cdc_resp.i_cdc_reset_ctrlr.i_cdc_reset_ctrlr_half_b.i_state_transition_cdc_src.i_sync': 56.448000
     of which used for sequential elements: 56.448000 (100.00%)

=== sync$croc_chip.i_croc_soc.i_croc.i_dmi_jtag.i_dmi_cdc.i_cdc_resp.i_dst.i_sync ===

        +----------Local Count, excluding submodules.
        |        +-Local Area, excluding submodules.
        |        | 
        7        - wires
        7        - wire bits
        7        - public wires
        7        - public wire bits
        4        - ports
        4        - port bits
        3   84.672 cells
        3   84.672   DFFRQX3

   Chip area for module '\sync$croc_chip.i_croc_soc.i_croc.i_dmi_jtag.i_dmi_cdc.i_cdc_resp.i_dst.i_sync': 84.672000
     of which used for sequential elements: 84.672000 (100.00%)

=== sync$croc_chip.i_croc_soc.i_croc.i_dmi_jtag.i_dmi_cdc.i_cdc_resp.i_src.i_sync ===

        +----------Local Count, excluding submodules.
        |        +-Local Area, excluding submodules.
        |        | 
        7        - wires
        7        - wire bits
        7        - public wires
        7        - public wire bits
        4        - ports
        4        - port bits
        3   84.672 cells
        3   84.672   DFFRQX3

   Chip area for module '\sync$croc_chip.i_croc_soc.i_croc.i_dmi_jtag.i_dmi_cdc.i_cdc_resp.i_src.i_sync': 84.672000
     of which used for sequential elements: 84.672000 (100.00%)

=== sync$croc_chip.i_croc_soc.i_croc.i_gpio.gen_gpios[0].i_sync ===

        +----------Local Count, excluding submodules.
        |        +-Local Area, excluding submodules.
        |        | 
        6        - wires
        6        - wire bits
        6        - public wires
        6        - public wire bits
        4        - ports
        4        - port bits
        2   56.448 cells
        2   56.448   DFFRQX3

   Chip area for module '\sync$croc_chip.i_croc_soc.i_croc.i_gpio.gen_gpios[0].i_sync': 56.448000
     of which used for sequential elements: 56.448000 (100.00%)

=== sync$croc_chip.i_croc_soc.i_croc.i_gpio.gen_gpios[10].i_sync ===

        +----------Local Count, excluding submodules.
        |        +-Local Area, excluding submodules.
        |        | 
        6        - wires
        6        - wire bits
        6        - public wires
        6        - public wire bits
        4        - ports
        4        - port bits
        2   56.448 cells
        2   56.448   DFFRQX3

   Chip area for module '\sync$croc_chip.i_croc_soc.i_croc.i_gpio.gen_gpios[10].i_sync': 56.448000
     of which used for sequential elements: 56.448000 (100.00%)

=== sync$croc_chip.i_croc_soc.i_croc.i_gpio.gen_gpios[11].i_sync ===

        +----------Local Count, excluding submodules.
        |        +-Local Area, excluding submodules.
        |        | 
        6        - wires
        6        - wire bits
        6        - public wires
        6        - public wire bits
        4        - ports
        4        - port bits
        2   56.448 cells
        2   56.448   DFFRQX3

   Chip area for module '\sync$croc_chip.i_croc_soc.i_croc.i_gpio.gen_gpios[11].i_sync': 56.448000
     of which used for sequential elements: 56.448000 (100.00%)

=== sync$croc_chip.i_croc_soc.i_croc.i_gpio.gen_gpios[12].i_sync ===

        +----------Local Count, excluding submodules.
        |        +-Local Area, excluding submodules.
        |        | 
        6        - wires
        6        - wire bits
        6        - public wires
        6        - public wire bits
        4        - ports
        4        - port bits
        2   56.448 cells
        2   56.448   DFFRQX3

   Chip area for module '\sync$croc_chip.i_croc_soc.i_croc.i_gpio.gen_gpios[12].i_sync': 56.448000
     of which used for sequential elements: 56.448000 (100.00%)

=== sync$croc_chip.i_croc_soc.i_croc.i_gpio.gen_gpios[13].i_sync ===

        +----------Local Count, excluding submodules.
        |        +-Local Area, excluding submodules.
        |        | 
        6        - wires
        6        - wire bits
        6        - public wires
        6        - public wire bits
        4        - ports
        4        - port bits
        2   56.448 cells
        2   56.448   DFFRQX3

   Chip area for module '\sync$croc_chip.i_croc_soc.i_croc.i_gpio.gen_gpios[13].i_sync': 56.448000
     of which used for sequential elements: 56.448000 (100.00%)

=== sync$croc_chip.i_croc_soc.i_croc.i_gpio.gen_gpios[14].i_sync ===

        +----------Local Count, excluding submodules.
        |        +-Local Area, excluding submodules.
        |        | 
        6        - wires
        6        - wire bits
        6        - public wires
        6        - public wire bits
        4        - ports
        4        - port bits
        2   56.448 cells
        2   56.448   DFFRQX3

   Chip area for module '\sync$croc_chip.i_croc_soc.i_croc.i_gpio.gen_gpios[14].i_sync': 56.448000
     of which used for sequential elements: 56.448000 (100.00%)

=== sync$croc_chip.i_croc_soc.i_croc.i_gpio.gen_gpios[15].i_sync ===

        +----------Local Count, excluding submodules.
        |        +-Local Area, excluding submodules.
        |        | 
        6        - wires
        6        - wire bits
        6        - public wires
        6        - public wire bits
        4        - ports
        4        - port bits
        2   56.448 cells
        2   56.448   DFFRQX3

   Chip area for module '\sync$croc_chip.i_croc_soc.i_croc.i_gpio.gen_gpios[15].i_sync': 56.448000
     of which used for sequential elements: 56.448000 (100.00%)

=== sync$croc_chip.i_croc_soc.i_croc.i_gpio.gen_gpios[16].i_sync ===

        +----------Local Count, excluding submodules.
        |        +-Local Area, excluding submodules.
        |        | 
        6        - wires
        6        - wire bits
        6        - public wires
        6        - public wire bits
        4        - ports
        4        - port bits
        2   56.448 cells
        2   56.448   DFFRQX3

   Chip area for module '\sync$croc_chip.i_croc_soc.i_croc.i_gpio.gen_gpios[16].i_sync': 56.448000
     of which used for sequential elements: 56.448000 (100.00%)

=== sync$croc_chip.i_croc_soc.i_croc.i_gpio.gen_gpios[17].i_sync ===

        +----------Local Count, excluding submodules.
        |        +-Local Area, excluding submodules.
        |        | 
        6        - wires
        6        - wire bits
        6        - public wires
        6        - public wire bits
        4        - ports
        4        - port bits
        2   56.448 cells
        2   56.448   DFFRQX3

   Chip area for module '\sync$croc_chip.i_croc_soc.i_croc.i_gpio.gen_gpios[17].i_sync': 56.448000
     of which used for sequential elements: 56.448000 (100.00%)

=== sync$croc_chip.i_croc_soc.i_croc.i_gpio.gen_gpios[18].i_sync ===

        +----------Local Count, excluding submodules.
        |        +-Local Area, excluding submodules.
        |        | 
        6        - wires
        6        - wire bits
        6        - public wires
        6        - public wire bits
        4        - ports
        4        - port bits
        2   56.448 cells
        2   56.448   DFFRQX3

   Chip area for module '\sync$croc_chip.i_croc_soc.i_croc.i_gpio.gen_gpios[18].i_sync': 56.448000
     of which used for sequential elements: 56.448000 (100.00%)

=== sync$croc_chip.i_croc_soc.i_croc.i_gpio.gen_gpios[19].i_sync ===

        +----------Local Count, excluding submodules.
        |        +-Local Area, excluding submodules.
        |        | 
        6        - wires
        6        - wire bits
        6        - public wires
        6        - public wire bits
        4        - ports
        4        - port bits
        2   56.448 cells
        2   56.448   DFFRQX3

   Chip area for module '\sync$croc_chip.i_croc_soc.i_croc.i_gpio.gen_gpios[19].i_sync': 56.448000
     of which used for sequential elements: 56.448000 (100.00%)

=== sync$croc_chip.i_croc_soc.i_croc.i_gpio.gen_gpios[1].i_sync ===

        +----------Local Count, excluding submodules.
        |        +-Local Area, excluding submodules.
        |        | 
        6        - wires
        6        - wire bits
        6        - public wires
        6        - public wire bits
        4        - ports
        4        - port bits
        2   56.448 cells
        2   56.448   DFFRQX3

   Chip area for module '\sync$croc_chip.i_croc_soc.i_croc.i_gpio.gen_gpios[1].i_sync': 56.448000
     of which used for sequential elements: 56.448000 (100.00%)

=== sync$croc_chip.i_croc_soc.i_croc.i_gpio.gen_gpios[20].i_sync ===

        +----------Local Count, excluding submodules.
        |        +-Local Area, excluding submodules.
        |        | 
        6        - wires
        6        - wire bits
        6        - public wires
        6        - public wire bits
        4        - ports
        4        - port bits
        2   56.448 cells
        2   56.448   DFFRQX3

   Chip area for module '\sync$croc_chip.i_croc_soc.i_croc.i_gpio.gen_gpios[20].i_sync': 56.448000
     of which used for sequential elements: 56.448000 (100.00%)

=== sync$croc_chip.i_croc_soc.i_croc.i_gpio.gen_gpios[21].i_sync ===

        +----------Local Count, excluding submodules.
        |        +-Local Area, excluding submodules.
        |        | 
        6        - wires
        6        - wire bits
        6        - public wires
        6        - public wire bits
        4        - ports
        4        - port bits
        2   56.448 cells
        2   56.448   DFFRQX3

   Chip area for module '\sync$croc_chip.i_croc_soc.i_croc.i_gpio.gen_gpios[21].i_sync': 56.448000
     of which used for sequential elements: 56.448000 (100.00%)

=== sync$croc_chip.i_croc_soc.i_croc.i_gpio.gen_gpios[22].i_sync ===

        +----------Local Count, excluding submodules.
        |        +-Local Area, excluding submodules.
        |        | 
        6        - wires
        6        - wire bits
        6        - public wires
        6        - public wire bits
        4        - ports
        4        - port bits
        2   56.448 cells
        2   56.448   DFFRQX3

   Chip area for module '\sync$croc_chip.i_croc_soc.i_croc.i_gpio.gen_gpios[22].i_sync': 56.448000
     of which used for sequential elements: 56.448000 (100.00%)

=== sync$croc_chip.i_croc_soc.i_croc.i_gpio.gen_gpios[23].i_sync ===

        +----------Local Count, excluding submodules.
        |        +-Local Area, excluding submodules.
        |        | 
        6        - wires
        6        - wire bits
        6        - public wires
        6        - public wire bits
        4        - ports
        4        - port bits
        2   56.448 cells
        2   56.448   DFFRQX3

   Chip area for module '\sync$croc_chip.i_croc_soc.i_croc.i_gpio.gen_gpios[23].i_sync': 56.448000
     of which used for sequential elements: 56.448000 (100.00%)

=== sync$croc_chip.i_croc_soc.i_croc.i_gpio.gen_gpios[24].i_sync ===

        +----------Local Count, excluding submodules.
        |        +-Local Area, excluding submodules.
        |        | 
        6        - wires
        6        - wire bits
        6        - public wires
        6        - public wire bits
        4        - ports
        4        - port bits
        2   56.448 cells
        2   56.448   DFFRQX3

   Chip area for module '\sync$croc_chip.i_croc_soc.i_croc.i_gpio.gen_gpios[24].i_sync': 56.448000
     of which used for sequential elements: 56.448000 (100.00%)

=== sync$croc_chip.i_croc_soc.i_croc.i_gpio.gen_gpios[25].i_sync ===

        +----------Local Count, excluding submodules.
        |        +-Local Area, excluding submodules.
        |        | 
        6        - wires
        6        - wire bits
        6        - public wires
        6        - public wire bits
        4        - ports
        4        - port bits
        2   56.448 cells
        2   56.448   DFFRQX3

   Chip area for module '\sync$croc_chip.i_croc_soc.i_croc.i_gpio.gen_gpios[25].i_sync': 56.448000
     of which used for sequential elements: 56.448000 (100.00%)

=== sync$croc_chip.i_croc_soc.i_croc.i_gpio.gen_gpios[26].i_sync ===

        +----------Local Count, excluding submodules.
        |        +-Local Area, excluding submodules.
        |        | 
        6        - wires
        6        - wire bits
        6        - public wires
        6        - public wire bits
        4        - ports
        4        - port bits
        2   56.448 cells
        2   56.448   DFFRQX3

   Chip area for module '\sync$croc_chip.i_croc_soc.i_croc.i_gpio.gen_gpios[26].i_sync': 56.448000
     of which used for sequential elements: 56.448000 (100.00%)

=== sync$croc_chip.i_croc_soc.i_croc.i_gpio.gen_gpios[27].i_sync ===

        +----------Local Count, excluding submodules.
        |        +-Local Area, excluding submodules.
        |        | 
        6        - wires
        6        - wire bits
        6        - public wires
        6        - public wire bits
        4        - ports
        4        - port bits
        2   56.448 cells
        2   56.448   DFFRQX3

   Chip area for module '\sync$croc_chip.i_croc_soc.i_croc.i_gpio.gen_gpios[27].i_sync': 56.448000
     of which used for sequential elements: 56.448000 (100.00%)

=== sync$croc_chip.i_croc_soc.i_croc.i_gpio.gen_gpios[28].i_sync ===

        +----------Local Count, excluding submodules.
        |        +-Local Area, excluding submodules.
        |        | 
        6        - wires
        6        - wire bits
        6        - public wires
        6        - public wire bits
        4        - ports
        4        - port bits
        2   56.448 cells
        2   56.448   DFFRQX3

   Chip area for module '\sync$croc_chip.i_croc_soc.i_croc.i_gpio.gen_gpios[28].i_sync': 56.448000
     of which used for sequential elements: 56.448000 (100.00%)

=== sync$croc_chip.i_croc_soc.i_croc.i_gpio.gen_gpios[29].i_sync ===

        +----------Local Count, excluding submodules.
        |        +-Local Area, excluding submodules.
        |        | 
        6        - wires
        6        - wire bits
        6        - public wires
        6        - public wire bits
        4        - ports
        4        - port bits
        2   56.448 cells
        2   56.448   DFFRQX3

   Chip area for module '\sync$croc_chip.i_croc_soc.i_croc.i_gpio.gen_gpios[29].i_sync': 56.448000
     of which used for sequential elements: 56.448000 (100.00%)

=== sync$croc_chip.i_croc_soc.i_croc.i_gpio.gen_gpios[2].i_sync ===

        +----------Local Count, excluding submodules.
        |        +-Local Area, excluding submodules.
        |        | 
        6        - wires
        6        - wire bits
        6        - public wires
        6        - public wire bits
        4        - ports
        4        - port bits
        2   56.448 cells
        2   56.448   DFFRQX3

   Chip area for module '\sync$croc_chip.i_croc_soc.i_croc.i_gpio.gen_gpios[2].i_sync': 56.448000
     of which used for sequential elements: 56.448000 (100.00%)

=== sync$croc_chip.i_croc_soc.i_croc.i_gpio.gen_gpios[30].i_sync ===

        +----------Local Count, excluding submodules.
        |        +-Local Area, excluding submodules.
        |        | 
        6        - wires
        6        - wire bits
        6        - public wires
        6        - public wire bits
        4        - ports
        4        - port bits
        2   56.448 cells
        2   56.448   DFFRQX3

   Chip area for module '\sync$croc_chip.i_croc_soc.i_croc.i_gpio.gen_gpios[30].i_sync': 56.448000
     of which used for sequential elements: 56.448000 (100.00%)

=== sync$croc_chip.i_croc_soc.i_croc.i_gpio.gen_gpios[31].i_sync ===

        +----------Local Count, excluding submodules.
        |        +-Local Area, excluding submodules.
        |        | 
        6        - wires
        6        - wire bits
        6        - public wires
        6        - public wire bits
        4        - ports
        4        - port bits
        2   56.448 cells
        2   56.448   DFFRQX3

   Chip area for module '\sync$croc_chip.i_croc_soc.i_croc.i_gpio.gen_gpios[31].i_sync': 56.448000
     of which used for sequential elements: 56.448000 (100.00%)

=== sync$croc_chip.i_croc_soc.i_croc.i_gpio.gen_gpios[3].i_sync ===

        +----------Local Count, excluding submodules.
        |        +-Local Area, excluding submodules.
        |        | 
        6        - wires
        6        - wire bits
        6        - public wires
        6        - public wire bits
        4        - ports
        4        - port bits
        2   56.448 cells
        2   56.448   DFFRQX3

   Chip area for module '\sync$croc_chip.i_croc_soc.i_croc.i_gpio.gen_gpios[3].i_sync': 56.448000
     of which used for sequential elements: 56.448000 (100.00%)

=== sync$croc_chip.i_croc_soc.i_croc.i_gpio.gen_gpios[4].i_sync ===

        +----------Local Count, excluding submodules.
        |        +-Local Area, excluding submodules.
        |        | 
        6        - wires
        6        - wire bits
        6        - public wires
        6        - public wire bits
        4        - ports
        4        - port bits
        2   56.448 cells
        2   56.448   DFFRQX3

   Chip area for module '\sync$croc_chip.i_croc_soc.i_croc.i_gpio.gen_gpios[4].i_sync': 56.448000
     of which used for sequential elements: 56.448000 (100.00%)

=== sync$croc_chip.i_croc_soc.i_croc.i_gpio.gen_gpios[5].i_sync ===

        +----------Local Count, excluding submodules.
        |        +-Local Area, excluding submodules.
        |        | 
        6        - wires
        6        - wire bits
        6        - public wires
        6        - public wire bits
        4        - ports
        4        - port bits
        2   56.448 cells
        2   56.448   DFFRQX3

   Chip area for module '\sync$croc_chip.i_croc_soc.i_croc.i_gpio.gen_gpios[5].i_sync': 56.448000
     of which used for sequential elements: 56.448000 (100.00%)

=== sync$croc_chip.i_croc_soc.i_croc.i_gpio.gen_gpios[6].i_sync ===

        +----------Local Count, excluding submodules.
        |        +-Local Area, excluding submodules.
        |        | 
        6        - wires
        6        - wire bits
        6        - public wires
        6        - public wire bits
        4        - ports
        4        - port bits
        2   56.448 cells
        2   56.448   DFFRQX3

   Chip area for module '\sync$croc_chip.i_croc_soc.i_croc.i_gpio.gen_gpios[6].i_sync': 56.448000
     of which used for sequential elements: 56.448000 (100.00%)

=== sync$croc_chip.i_croc_soc.i_croc.i_gpio.gen_gpios[7].i_sync ===

        +----------Local Count, excluding submodules.
        |        +-Local Area, excluding submodules.
        |        | 
        6        - wires
        6        - wire bits
        6        - public wires
        6        - public wire bits
        4        - ports
        4        - port bits
        2   56.448 cells
        2   56.448   DFFRQX3

   Chip area for module '\sync$croc_chip.i_croc_soc.i_croc.i_gpio.gen_gpios[7].i_sync': 56.448000
     of which used for sequential elements: 56.448000 (100.00%)

=== sync$croc_chip.i_croc_soc.i_croc.i_gpio.gen_gpios[8].i_sync ===

        +----------Local Count, excluding submodules.
        |        +-Local Area, excluding submodules.
        |        | 
        6        - wires
        6        - wire bits
        6        - public wires
        6        - public wire bits
        4        - ports
        4        - port bits
        2   56.448 cells
        2   56.448   DFFRQX3

   Chip area for module '\sync$croc_chip.i_croc_soc.i_croc.i_gpio.gen_gpios[8].i_sync': 56.448000
     of which used for sequential elements: 56.448000 (100.00%)

=== sync$croc_chip.i_croc_soc.i_croc.i_gpio.gen_gpios[9].i_sync ===

        +----------Local Count, excluding submodules.
        |        +-Local Area, excluding submodules.
        |        | 
        6        - wires
        6        - wire bits
        6        - public wires
        6        - public wire bits
        4        - ports
        4        - port bits
        2   56.448 cells
        2   56.448   DFFRQX3

   Chip area for module '\sync$croc_chip.i_croc_soc.i_croc.i_gpio.gen_gpios[9].i_sync': 56.448000
     of which used for sequential elements: 56.448000 (100.00%)

=== sync$croc_chip.i_croc_soc.i_croc.i_uart.i_uart_modem.i_sync_cd ===

        +----------Local Count, excluding submodules.
        |        +-Local Area, excluding submodules.
        |        | 
        6        - wires
        6        - wire bits
        6        - public wires
        6        - public wire bits
        4        - ports
        4        - port bits
        2   56.448 cells
        2   56.448   DFFRQX3

   Chip area for module '\sync$croc_chip.i_croc_soc.i_croc.i_uart.i_uart_modem.i_sync_cd': 56.448000
     of which used for sequential elements: 56.448000 (100.00%)

=== sync$croc_chip.i_croc_soc.i_croc.i_uart.i_uart_modem.i_sync_cts ===

        +----------Local Count, excluding submodules.
        |        +-Local Area, excluding submodules.
        |        | 
        6        - wires
        6        - wire bits
        6        - public wires
        6        - public wire bits
        4        - ports
        4        - port bits
        2   56.448 cells
        2   56.448   DFFRQX3

   Chip area for module '\sync$croc_chip.i_croc_soc.i_croc.i_uart.i_uart_modem.i_sync_cts': 56.448000
     of which used for sequential elements: 56.448000 (100.00%)

=== sync$croc_chip.i_croc_soc.i_croc.i_uart.i_uart_modem.i_sync_dsr ===

        +----------Local Count, excluding submodules.
        |        +-Local Area, excluding submodules.
        |        | 
        6        - wires
        6        - wire bits
        6        - public wires
        6        - public wire bits
        4        - ports
        4        - port bits
        2   56.448 cells
        2   56.448   DFFRQX3

   Chip area for module '\sync$croc_chip.i_croc_soc.i_croc.i_uart.i_uart_modem.i_sync_dsr': 56.448000
     of which used for sequential elements: 56.448000 (100.00%)

=== sync$croc_chip.i_croc_soc.i_croc.i_uart.i_uart_modem.i_sync_ri ===

        +----------Local Count, excluding submodules.
        |        +-Local Area, excluding submodules.
        |        | 
        6        - wires
        6        - wire bits
        6        - public wires
        6        - public wire bits
        4        - ports
        4        - port bits
        2   56.448 cells
        2   56.448   DFFRQX3

   Chip area for module '\sync$croc_chip.i_croc_soc.i_croc.i_uart.i_uart_modem.i_sync_ri': 56.448000
     of which used for sequential elements: 56.448000 (100.00%)

=== sync$croc_chip.i_croc_soc.i_croc.i_uart.i_uart_rx.i_sync ===

        +----------Local Count, excluding submodules.
        |        +-Local Area, excluding submodules.
        |        | 
        6        - wires
        6        - wire bits
        6        - public wires
        6        - public wire bits
        4        - ports
        4        - port bits
        2   56.448 cells
        2   56.448   DFFRQX3

   Chip area for module '\sync$croc_chip.i_croc_soc.i_croc.i_uart.i_uart_rx.i_sync': 56.448000
     of which used for sequential elements: 56.448000 (100.00%)

=== tc_clk_inverter$croc_chip.i_croc_soc.i_croc.i_dmi_jtag.i_dmi_jtag_tap.i_tck_inv ===

        +----------Local Count, excluding submodules.
        |        +-Local Area, excluding submodules.
        |        | 
        2        - wires
        2        - wire bits
        2        - public wires
        2        - public wire bits
        2        - ports
        2        - port bits
        1    4.234 cells
        1    4.234   INVX2

   Chip area for module '\tc_clk_inverter$croc_chip.i_croc_soc.i_croc.i_dmi_jtag.i_dmi_jtag_tap.i_tck_inv': 4.233600
     of which used for sequential elements: 0.000000 (0.00%)

=== tc_clk_mux2$croc_chip.i_croc_soc.i_croc.i_dmi_jtag.i_dmi_jtag_tap.i_dft_tck_mux ===

        +----------Local Count, excluding submodules.
        |        +-Local Area, excluding submodules.
        |        | 
        4        - wires
        4        - wire bits
        4        - public wires
        4        - public wire bits
        4        - ports
        4        - port bits
        1   12.701 cells
        1   12.701   MUX2X2

   Chip area for module '\tc_clk_mux2$croc_chip.i_croc_soc.i_croc.i_dmi_jtag.i_dmi_jtag_tap.i_dft_tck_mux': 12.700800
     of which used for sequential elements: 0.000000 (0.00%)

=== tc_clk_mux2$croc_chip.i_croc_soc.i_rstgen.i_rstgen_bypass.i_tc_clk_mux2_init_no ===

        +----------Local Count, excluding submodules.
        |        +-Local Area, excluding submodules.
        |        | 
        4        - wires
        4        - wire bits
        4        - public wires
        4        - public wire bits
        4        - ports
        4        - port bits
        1   12.701 cells
        1   12.701   MUX2X2

   Chip area for module '\tc_clk_mux2$croc_chip.i_croc_soc.i_rstgen.i_rstgen_bypass.i_tc_clk_mux2_init_no': 12.700800
     of which used for sequential elements: 0.000000 (0.00%)

=== tc_clk_mux2$croc_chip.i_croc_soc.i_rstgen.i_rstgen_bypass.i_tc_clk_mux2_rst_n ===

        +----------Local Count, excluding submodules.
        |        +-Local Area, excluding submodules.
        |        | 
        4        - wires
        4        - wire bits
        4        - public wires
        4        - public wire bits
        4        - ports
        4        - port bits
        1   12.701 cells
        1   12.701   MUX2X2

   Chip area for module '\tc_clk_mux2$croc_chip.i_croc_soc.i_rstgen.i_rstgen_bypass.i_tc_clk_mux2_rst_n': 12.700800
     of which used for sequential elements: 0.000000 (0.00%)

=== tc_clk_mux2$croc_chip.i_croc_soc.i_rstgen.i_rstgen_bypass.i_tc_clk_mux2_rst_no ===

        +----------Local Count, excluding submodules.
        |        +-Local Area, excluding submodules.
        |        | 
        4        - wires
        4        - wire bits
        4        - public wires
        4        - public wire bits
        4        - ports
        4        - port bits
        1   12.701 cells
        1   12.701   MUX2X2

   Chip area for module '\tc_clk_mux2$croc_chip.i_croc_soc.i_rstgen.i_rstgen_bypass.i_tc_clk_mux2_rst_no': 12.700800
     of which used for sequential elements: 0.000000 (0.00%)

=== tc_sram_impl$croc_chip.i_croc_soc.i_user.gen_secded_bypass_mode.gen_sram_bank[0].i_sram ===

        +----------Local Count, excluding submodules.
        |        +-Local Area, excluding submodules.
        |        | 
      153        - wires
      153        - wire bits
      152        - public wires
      152        - public wire bits
      151        - ports
      151        - port bits
        3  1.5E+05 cells
        1    4.234   INVX1
        1  1.5E+05   RM_IHPSG13_1P_512x64_c2_bm_bist
        1    4.234   TIELO

   Chip area for module '\tc_sram_impl$croc_chip.i_croc_soc.i_user.gen_secded_bypass_mode.gen_sram_bank[0].i_sram': 150110.870400
     of which used for sequential elements: 0.000000 (0.00%)

=== tc_sram_impl$croc_chip.i_croc_soc.i_user.gen_secded_bypass_mode.gen_sram_bank[1].i_sram ===

        +----------Local Count, excluding submodules.
        |        +-Local Area, excluding submodules.
        |        | 
      153        - wires
      153        - wire bits
      152        - public wires
      152        - public wire bits
      151        - ports
      151        - port bits
        3  1.5E+05 cells
        1    4.234   INVX1
        1  1.5E+05   RM_IHPSG13_1P_512x64_c2_bm_bist
        1    4.234   TIELO

   Chip area for module '\tc_sram_impl$croc_chip.i_croc_soc.i_user.gen_secded_bypass_mode.gen_sram_bank[1].i_sram': 150110.870400
     of which used for sequential elements: 0.000000 (0.00%)

=== user_domain$croc_chip.i_croc_soc.i_user ===

        +----------Local Count, excluding submodules.
        |        +-Local Area, excluding submodules.
        |        | 
      866        - wires
      866        - wire bits
      786        - public wires
      786        - public wire bits
      425        - ports
      425        - port bits
      421 5.03E+03 cells
        7        -   $scopeinfo
       72  508.032   AND2X1
        1    9.878   AND4X2
        1    9.878   AO21X2
        2   16.934   AOI211X1
        1    8.467   AOI211X2
        1    8.467   AOI21BX1
        5    35.28   AOI21X1
        1    9.878   AOI221X1
        1    8.467   AOI2B1X1
       28  158.054   BUFX3
       81 2.29E+03   DFFRQX3
       11    46.57   INVX1
        1    4.234   INVX2
       74  939.859   MUX2X1
        1    11.29   MUXI2X1
        8   56.448   NAND2BX1
        1    7.056   NAND2BX1P5
        3   16.934   NAND2X1
        1    5.645   NAND2X2
        1    5.645   NAND2X3
        2   19.757   NAND3BX3
        2   14.112   NAND3X1
        1    9.878   NAND4X2
       79  557.424   NOR2BX1
        5   28.224   NOR2X1
        2    11.29   NOR2X2
        2   16.934   NOR3BX1
        1    7.056   NOR3X2
        1    11.29   NOR4BX2
        2   19.757   NOR4X2
        4   33.869   OA21X2
        1    8.467   OAI211X1
        8   56.448   OAI21X1
        1   14.112   OAI2B2BX1
        1    9.878   OAI31X1
        1    7.056   OR2X2
        1    8.467   OR3BX1
        2   19.757   OR4X1
        1    4.234   TIEHI
        1    4.234   TIELO
        1   12.701   XNOR2X1
        2        - submodules
        1        -   tc_sram_impl$croc_chip.i_croc_soc.i_user.gen_secded_bypass_mode.gen_sram_bank[0].i_sram
        1        -   tc_sram_impl$croc_chip.i_croc_soc.i_user.gen_secded_bypass_mode.gen_sram_bank[1].i_sram

   Area for cell type $scopeinfo is unknown!

   Chip area for module '\user_domain$croc_chip.i_croc_soc.i_user': 5028.105600
     of which used for sequential elements: 2286.144000 (45.47%)

=== design hierarchy ===

        +----------Count including submodules.
        |        +-Area including submodules.
        |        | 
    35162 1.64E+06 croc_chip
        7   117.13 croc_soc$croc_chip.i_croc_soc
     5913 4.69E+04   croc_domain$croc_chip.i_croc_soc.i_croc
      341 2.99E+03     bootrom$croc_chip.i_croc_soc.i_croc.i_bootrom
      755 1.01E+04     clint$croc_chip.i_croc_soc.i_croc.i_clint
        2   56.448       sync$croc_chip.i_croc_soc.i_croc.i_clint.i_sync
     4682 4.77E+04     core_wrap$croc_chip.i_croc_soc.i_croc.i_core_wrap
     3027  35809.2       cve2_cs_registers$croc_chip.i_croc_soc.i_croc.i_core_wrap.i_core.cs_registers_i
     3921 6.25E+04       cve2_register_file_ff$croc_chip.i_croc_soc.i_croc.i_core_wrap.i_core.register_file_i
     5949 7.76E+04     croc_idma$croc_chip.i_croc_soc.i_croc.gen_dma.i_croc_idma
     4154 4.85E+04     dm_top$croc_chip.i_croc_soc.i_croc.i_dm_top.i_dm_top
      931  1.1E+04     dmi_jtag$croc_chip.i_croc_soc.i_croc.i_dmi_jtag
        8   141.12       cdc_2phase_clearable$croc_chip.i_croc_soc.i_croc.i_dmi_jtag.i_dmi_cdc.i_cdc_req
      141 2.29E+03         cdc_2phase_dst_clearable$croc_chip.i_croc_soc.i_croc.i_dmi_jtag.i_dmi_cdc.i_cdc_req.i_dst
        3   84.672           sync$croc_chip.i_croc_soc.i_croc.i_dmi_jtag.i_dmi_cdc.i_cdc_req.i_dst.i_sync
      138  2140.79         cdc_2phase_src_clearable$croc_chip.i_croc_soc.i_croc.i_dmi_jtag.i_dmi_cdc.i_cdc_req.i_src
        3   84.672           sync$croc_chip.i_croc_soc.i_croc.i_dmi_jtag.i_dmi_cdc.i_cdc_req.i_src.i_sync
       67  668.909           cdc_reset_ctrlr_half$croc_chip.i_croc_soc.i_croc.i_dmi_jtag.i_dmi_cdc.i_cdc_req.i_cdc_reset_ctrlr.i_cdc_reset_ctrlr_half_a
       11  142.531             cdc_4phase_dst$croc_chip.i_croc_soc.i_croc.i_dmi_jtag.i_dmi_cdc.i_cdc_req.i_cdc_reset_ctrlr.i_cdc_reset_ctrlr_half_a.i_state_transition_cdc_dst
        2   56.448               sync$croc_chip.i_croc_soc.i_croc.i_dmi_jtag.i_dmi_cdc.i_cdc_req.i_cdc_reset_ctrlr.i_cdc_reset_ctrlr_half_a.i_state_transition_cdc_dst.i_sync
       20  275.184             cdc_4phase_src$croc_chip.i_croc_soc.i_croc.i_dmi_jtag.i_dmi_cdc.i_cdc_req.i_cdc_reset_ctrlr.i_cdc_reset_ctrlr_half_a.i_state_transition_cdc_src
        2   56.448               sync$croc_chip.i_croc_soc.i_croc.i_dmi_jtag.i_dmi_cdc.i_cdc_req.i_cdc_reset_ctrlr.i_cdc_reset_ctrlr_half_a.i_state_transition_cdc_src.i_sync
       67  668.909           cdc_reset_ctrlr_half$croc_chip.i_croc_soc.i_croc.i_dmi_jtag.i_dmi_cdc.i_cdc_req.i_cdc_reset_ctrlr.i_cdc_reset_ctrlr_half_b
       11  142.531             cdc_4phase_dst$croc_chip.i_croc_soc.i_croc.i_dmi_jtag.i_dmi_cdc.i_cdc_req.i_cdc_reset_ctrlr.i_cdc_reset_ctrlr_half_b.i_state_transition_cdc_dst
        2   56.448               sync$croc_chip.i_croc_soc.i_croc.i_dmi_jtag.i_dmi_cdc.i_cdc_req.i_cdc_reset_ctrlr.i_cdc_reset_ctrlr_half_b.i_state_transition_cdc_dst.i_sync
       20  275.184             cdc_4phase_src$croc_chip.i_croc_soc.i_croc.i_dmi_jtag.i_dmi_cdc.i_cdc_req.i_cdc_reset_ctrlr.i_cdc_reset_ctrlr_half_b.i_state_transition_cdc_src
        2   56.448               sync$croc_chip.i_croc_soc.i_croc.i_dmi_jtag.i_dmi_cdc.i_cdc_req.i_cdc_reset_ctrlr.i_cdc_reset_ctrlr_half_b.i_state_transition_cdc_src.i_sync
        8   141.12       cdc_2phase_clearable$croc_chip.i_croc_soc.i_croc.i_dmi_jtag.i_dmi_cdc.i_cdc_resp
      118 1.83E+03         cdc_2phase_dst_clearable$croc_chip.i_croc_soc.i_croc.i_dmi_jtag.i_dmi_cdc.i_cdc_resp.i_dst
        3   84.672           sync$croc_chip.i_croc_soc.i_croc.i_dmi_jtag.i_dmi_cdc.i_cdc_resp.i_dst.i_sync
      116 1.81E+03         cdc_2phase_src_clearable$croc_chip.i_croc_soc.i_croc.i_dmi_jtag.i_dmi_cdc.i_cdc_resp.i_src
        3   84.672           sync$croc_chip.i_croc_soc.i_croc.i_dmi_jtag.i_dmi_cdc.i_cdc_resp.i_src.i_sync
       71  702.778           cdc_reset_ctrlr_half$croc_chip.i_croc_soc.i_croc.i_dmi_jtag.i_dmi_cdc.i_cdc_resp.i_cdc_reset_ctrlr.i_cdc_reset_ctrlr_half_a
       11  142.531             cdc_4phase_dst$croc_chip.i_croc_soc.i_croc.i_dmi_jtag.i_dmi_cdc.i_cdc_resp.i_cdc_reset_ctrlr.i_cdc_reset_ctrlr_half_a.i_state_transition_cdc_dst
        2   56.448               sync$croc_chip.i_croc_soc.i_croc.i_dmi_jtag.i_dmi_cdc.i_cdc_resp.i_cdc_reset_ctrlr.i_cdc_reset_ctrlr_half_a.i_state_transition_cdc_dst.i_sync
       20  275.184             cdc_4phase_src$croc_chip.i_croc_soc.i_croc.i_dmi_jtag.i_dmi_cdc.i_cdc_resp.i_cdc_reset_ctrlr.i_cdc_reset_ctrlr_half_a.i_state_transition_cdc_src
        2   56.448               sync$croc_chip.i_croc_soc.i_croc.i_dmi_jtag.i_dmi_cdc.i_cdc_resp.i_cdc_reset_ctrlr.i_cdc_reset_ctrlr_half_a.i_state_transition_cdc_src.i_sync
       67  668.909           cdc_reset_ctrlr_half$croc_chip.i_croc_soc.i_croc.i_dmi_jtag.i_dmi_cdc.i_cdc_resp.i_cdc_reset_ctrlr.i_cdc_reset_ctrlr_half_b
       11  142.531             cdc_4phase_dst$croc_chip.i_croc_soc.i_croc.i_dmi_jtag.i_dmi_cdc.i_cdc_resp.i_cdc_reset_ctrlr.i_cdc_reset_ctrlr_half_b.i_state_transition_cdc_dst
        2   56.448               sync$croc_chip.i_croc_soc.i_croc.i_dmi_jtag.i_dmi_cdc.i_cdc_resp.i_cdc_reset_ctrlr.i_cdc_reset_ctrlr_half_b.i_state_transition_cdc_dst.i_sync
       20  275.184             cdc_4phase_src$croc_chip.i_croc_soc.i_croc.i_dmi_jtag.i_dmi_cdc.i_cdc_resp.i_cdc_reset_ctrlr.i_cdc_reset_ctrlr_half_b.i_state_transition_cdc_src
        2   56.448               sync$croc_chip.i_croc_soc.i_croc.i_dmi_jtag.i_dmi_cdc.i_cdc_resp.i_cdc_reset_ctrlr.i_cdc_reset_ctrlr_half_b.i_state_transition_cdc_src.i_sync
        1    4.234       tc_clk_inverter$croc_chip.i_croc_soc.i_croc.i_dmi_jtag.i_dmi_jtag_tap.i_tck_inv
        1   12.701       tc_clk_mux2$croc_chip.i_croc_soc.i_croc.i_dmi_jtag.i_dmi_jtag_tap.i_dft_tck_mux
     1207 1.55E+04     gpio$croc_chip.i_croc_soc.i_croc.i_gpio
        2   56.448       sync$croc_chip.i_croc_soc.i_croc.i_gpio.gen_gpios[0].i_sync
        2   56.448       sync$croc_chip.i_croc_soc.i_croc.i_gpio.gen_gpios[10].i_sync
        2   56.448       sync$croc_chip.i_croc_soc.i_croc.i_gpio.gen_gpios[11].i_sync
        2   56.448       sync$croc_chip.i_croc_soc.i_croc.i_gpio.gen_gpios[12].i_sync
        2   56.448       sync$croc_chip.i_croc_soc.i_croc.i_gpio.gen_gpios[13].i_sync
        2   56.448       sync$croc_chip.i_croc_soc.i_croc.i_gpio.gen_gpios[14].i_sync
        2   56.448       sync$croc_chip.i_croc_soc.i_croc.i_gpio.gen_gpios[15].i_sync
        2   56.448       sync$croc_chip.i_croc_soc.i_croc.i_gpio.gen_gpios[16].i_sync
        2   56.448       sync$croc_chip.i_croc_soc.i_croc.i_gpio.gen_gpios[17].i_sync
        2   56.448       sync$croc_chip.i_croc_soc.i_croc.i_gpio.gen_gpios[18].i_sync
        2   56.448       sync$croc_chip.i_croc_soc.i_croc.i_gpio.gen_gpios[19].i_sync
        2   56.448       sync$croc_chip.i_croc_soc.i_croc.i_gpio.gen_gpios[1].i_sync
        2   56.448       sync$croc_chip.i_croc_soc.i_croc.i_gpio.gen_gpios[20].i_sync
        2   56.448       sync$croc_chip.i_croc_soc.i_croc.i_gpio.gen_gpios[21].i_sync
        2   56.448       sync$croc_chip.i_croc_soc.i_croc.i_gpio.gen_gpios[22].i_sync
        2   56.448       sync$croc_chip.i_croc_soc.i_croc.i_gpio.gen_gpios[23].i_sync
        2   56.448       sync$croc_chip.i_croc_soc.i_croc.i_gpio.gen_gpios[24].i_sync
        2   56.448       sync$croc_chip.i_croc_soc.i_croc.i_gpio.gen_gpios[25].i_sync
        2   56.448       sync$croc_chip.i_croc_soc.i_croc.i_gpio.gen_gpios[26].i_sync
        2   56.448       sync$croc_chip.i_croc_soc.i_croc.i_gpio.gen_gpios[27].i_sync
        2   56.448       sync$croc_chip.i_croc_soc.i_croc.i_gpio.gen_gpios[28].i_sync
        2   56.448       sync$croc_chip.i_croc_soc.i_croc.i_gpio.gen_gpios[29].i_sync
        2   56.448       sync$croc_chip.i_croc_soc.i_croc.i_gpio.gen_gpios[2].i_sync
        2   56.448       sync$croc_chip.i_croc_soc.i_croc.i_gpio.gen_gpios[30].i_sync
        2   56.448       sync$croc_chip.i_croc_soc.i_croc.i_gpio.gen_gpios[31].i_sync
        2   56.448       sync$croc_chip.i_croc_soc.i_croc.i_gpio.gen_gpios[3].i_sync
        2   56.448       sync$croc_chip.i_croc_soc.i_croc.i_gpio.gen_gpios[4].i_sync
        2   56.448       sync$croc_chip.i_croc_soc.i_croc.i_gpio.gen_gpios[5].i_sync
        2   56.448       sync$croc_chip.i_croc_soc.i_croc.i_gpio.gen_gpios[6].i_sync
        2   56.448       sync$croc_chip.i_croc_soc.i_croc.i_gpio.gen_gpios[7].i_sync
        2   56.448       sync$croc_chip.i_croc_soc.i_croc.i_gpio.gen_gpios[8].i_sync
        2   56.448       sync$croc_chip.i_croc_soc.i_croc.i_gpio.gen_gpios[9].i_sync
      540 7.08E+03     obi_timer$croc_chip.i_croc_soc.i_croc.i_obi_timer
     1905 2.85E+04     obi_uart$croc_chip.i_croc_soc.i_croc.i_uart
        2   56.448       sync$croc_chip.i_croc_soc.i_croc.i_uart.i_uart_modem.i_sync_cd
        2   56.448       sync$croc_chip.i_croc_soc.i_croc.i_uart.i_uart_modem.i_sync_cts
        2   56.448       sync$croc_chip.i_croc_soc.i_croc.i_uart.i_uart_modem.i_sync_dsr
        2   56.448       sync$croc_chip.i_croc_soc.i_croc.i_uart.i_uart_modem.i_sync_ri
        2   56.448       sync$croc_chip.i_croc_soc.i_croc.i_uart.i_uart_rx.i_sync
      305  4244.89     soc_ctrl_regs$croc_chip.i_croc_soc.i_croc.i_soc_ctrl
        1   12.701   tc_clk_mux2$croc_chip.i_croc_soc.i_rstgen.i_rstgen_bypass.i_tc_clk_mux2_init_no
        1   12.701   tc_clk_mux2$croc_chip.i_croc_soc.i_rstgen.i_rstgen_bypass.i_tc_clk_mux2_rst_n
        1   12.701   tc_clk_mux2$croc_chip.i_croc_soc.i_rstgen.i_rstgen_bypass.i_tc_clk_mux2_rst_no
      421 5.03E+03   user_domain$croc_chip.i_croc_soc.i_user
        3  1.5E+05     tc_sram_impl$croc_chip.i_croc_soc.i_user.gen_secded_bypass_mode.gen_sram_bank[0].i_sram
        3  1.5E+05     tc_sram_impl$croc_chip.i_croc_soc.i_user.gen_secded_bypass_mode.gen_sram_bank[1].i_sram

        +----------Count including submodules.
        |        +-Area including submodules.
        |        | 
    40487        - wires
    40487        - wire bits
    13777        - public wires
    13777        - public wire bits
     4865        - ports
     4865        - port bits
        -        - memories
        -        - memory bits
        -        - processes
    35162 1.64E+06 cells
      160        -   $scopeinfo
      798 5.63E+03   AND2X1
        4   28.224   AND2X1P5
        8   56.448   AND2X2
        2   14.112   AND2X3
       24   270.95   AND3BX1
        3   33.869   AND3BX2
       49  414.893   AND3X1
      200  1693.44   AND3X2
       27  266.717   AND4X1
      133 1.31E+03   AND4X2
       25   246.96   AO211X1
       93  918.691   AO211X2
      206  2034.95   AO21X2
      114 1.45E+03   AO22X1
      106 1.35E+03   AO22X2
       12  135.475   AO31X1
      112 1.26E+03   AO31X2
      629 6.21E+03   AOAI211X1
       48  474.163   AOAI211X2
      542 4.59E+03   AOI211X1
       15  127.008   AOI211X2
       96  812.851   AOI21BX1
        3   29.635   AOI21BX2
      934 6.59E+03   AOI21X1
       49  345.744   AOI21X2
      736 7.27E+03   AOI221X1
        5   56.448   AOI221X2
        7   79.027   AOI221X3
      279 2.76E+03   AOI22X1
       14  138.298   AOI22X1P5
       11  108.662   AOI22X2
      268  2269.21   AOI2B1X1
        3   29.635   AOI2B1X2
        3    46.57   AOI2B2BX1
        1   15.523   AOI2B2BX2
       64  722.534   AOI2B2X1
        1   12.701   AOI2B2X2
        4   56.448   AOI2BB2X1
        3   16.934   BUFX1
       36  406.426   BUFX12
        3    46.57   BUFX16
        7   39.514   BUFX2
       35  790.272   BUFX24
     2570 1.45E+04   BUFX3
        2   84.672   BUFX48
       97  684.432   BUFX6
        2   22.579   BUFX8
      150  3386.88   DFFQX1
     5494 1.55E+05   DFFRQX3
      706 2.99E+03   INVX1
       28  118.541   INVX2
        6   25.402   INVX3
        2    11.29   INVX6
       99  977.962   MIN3X1
        2   19.757   MIN3X1P5
     3898 4.95E+04   MUX2X1
       10  127.008   MUX2X2
     2298 2.59E+04   MUXI2X1
       10  127.008   MUXI2X2
       66 1.86E+03   MUXT4X1
        8  225.792   MUXT4X1P5
      426  1.2E+04   MUXT4X3
      359 2.53E+03   NAND2BX1
       15   105.84   NAND2BX1P5
       13   91.728   NAND2BX2
        4   28.224   NAND2BX3
     2407 1.36E+04   NAND2X1
       40  225.792   NAND2X1P5
       57  321.754   NAND2X2
       22  124.186   NAND2X3
        2   19.757   NAND2X4
       64  632.218   NAND3BX1
        3   29.635   NAND3BX2
        6    59.27   NAND3BX3
     1297 9.15E+03   NAND3X1
       58  409.248   NAND3X2
        4   56.448   NAND4BBX1
        3   42.336   NAND4BBX2
       22  248.371   NAND4BX1
        7   79.027   NAND4BX2
      134 1.32E+03   NAND4X2
      489 3.45E+03   NOR2BX1
       21  148.176   NOR2BX2
     1900 1.07E+04   NOR2X1
       67  378.202   NOR2X2
       26  146.765   NOR2X3
        1    9.878   NOR2X4
      256 2.17E+03   NOR3BX1
       17  143.942   NOR3BX1P5
        1    9.878   NOR3BX2
       22  217.325   NOR3BX3
      588 4.15E+03   NOR3X1
       66  465.696   NOR3X2
       29  368.323   NOR4BBX1
       12  169.344   NOR4BBX2
       31  349.978   NOR4BX1
       22  248.371   NOR4BX2
      148 1.46E+03   NOR4X1
       66  651.974   NOR4X2
       50   493.92   OA211X1
      114 1.13E+03   OA211X2
      287 2.43E+03   OA21X2
      505 4.28E+03   OAI211X1
       16  135.475   OAI211X2
     1103 7.78E+03   OAI21X1
       28  197.568   OAI21X2
      134  1.7E+03   OAI221X1
        6   76.205   OAI221X2
      404 3.99E+03   OAI22X1
        2   19.757   OAI22X2
       37  522.144   OAI2B2BX1
        2   28.224   OAI2B2BX1P5
      106 1.35E+03   OAI2BB2X2
      254 2.51E+03   OAI31X1
       29  286.474   OAI31X2
      472 4.66E+03   OAOI211X1
       51  503.798   OAOI211X2
        6   42.336   OR2X1
      192 1.35E+03   OR2X2
        3   21.168   OR2X3
      205 1.74E+03   OR3BX1
       24  203.213   OR3BX2
        5   42.336   OR3X1
       44  372.557   OR3X2
       99  977.962   OR4X1
        1    9.878   OR4X2
        2    3E+05   RM_IHPSG13_1P_512x64_c2_bm_bist
       10   42.336   TIEHI
       14    59.27   TIELO
       47  596.938   XNOR2X1
        1   12.701   XNOR2X2
        4   84.672   XNOR3X1
       57  723.946   XOR2X1
      759  7.5E+03   XOR2X2
        4    57600   sg13cmos5l_IOPadIOVdd
        4    57600   sg13cmos5l_IOPadIOVss
        9   129600   sg13cmos5l_IOPadIn
       32   460800   sg13cmos5l_IOPadInOut30mA
        7   100800   sg13cmos5l_IOPadOut16mA
        4    57600   sg13cmos5l_IOPadVdd
        4    57600   sg13cmos5l_IOPadVss
        1 7.19E+05 submodules
        1 7.19E+05   croc_soc$croc_chip.i_croc_soc

   Area for cell type $scopeinfo is unknown!

   Chip area for top module '\croc_chip': 1640871.936000
     of which used for sequential elements: 158449.536000 (9.66%)

