
==========================================================================
04-01_croc.grt check_setup
--------------------------------------------------------------------------
1

==========================================================================
04-01_croc.grt report_tns
--------------------------------------------------------------------------
tns max -140.97

==========================================================================
04-01_croc.grt report_wns
--------------------------------------------------------------------------
wns max -0.54

==========================================================================
04-01_croc.grt report_worst_slack
--------------------------------------------------------------------------
worst slack max -0.54

==========================================================================
04-01_croc.grt report_checks -path_delay min
--------------------------------------------------------------------------
[WARNING STA-0168] unknown field nets.
Startpoint: i_croc_soc/i_rstgen.i_rstgen_bypass.synch_regs_q_3__reg
            (rising edge-triggered flip-flop clocked by clk_sys)
Endpoint: i_croc_soc/i_croc/i_soc_ctrl/core_status_q_13__reg
          (removal check against rising-edge clock clk_sys)
Path Group: asynchronous
Path Type: min
Corner: ff

Fanout     Cap    Slew   Delay    Time   Description
-----------------------------------------------------------------------------
                          0.00    0.00   clock clk_sys (rise edge)
                          0.00    0.00   clock source latency
     2    0.20    0.25    0.02    0.02 ^ clk_i (in)
                  0.25    0.00    0.02 ^ pad_clk_i/pad (sg13cmos5l_IOPadIn)
     2    0.16    0.20    0.09    0.11 ^ pad_clk_i/p2c (sg13cmos5l_IOPadIn)
                  0.19    0.05    0.17 ^ clkbuf_regs_0_clk_sys/A (BUFX64)
     1    0.02    0.02    0.11    0.28 ^ clkbuf_regs_0_clk_sys/Y (BUFX64)
                  0.02    0.00    0.28 ^ clkbuf_0_soc_clk_i_regs/A (BUFX64)
     4    0.16    0.02    0.06    0.34 ^ clkbuf_0_soc_clk_i_regs/Y (BUFX64)
                  0.05    0.02    0.36 ^ clkbuf_2_1_0_soc_clk_i_regs/A (BUFX64)
     2    0.08    0.02    0.06    0.42 ^ clkbuf_2_1_0_soc_clk_i_regs/Y (BUFX64)
                  0.03    0.01    0.43 ^ clkbuf_3_2__f_soc_clk_i_regs/A (BUFX64)
    10    0.27    0.03    0.07    0.50 ^ clkbuf_3_2__f_soc_clk_i_regs/Y (BUFX64)
                  0.05    0.02    0.52 ^ clkbuf_leaf_0_soc_clk_i_regs/A (BUFX64)
    42    0.13    0.03    0.07    0.59 ^ clkbuf_leaf_0_soc_clk_i_regs/Y (BUFX64)
                  0.04    0.01    0.61 ^ i_croc_soc/i_rstgen.i_rstgen_bypass.synch_regs_q_3__reg/CK (DFFRQX3)
     2    0.00    0.03    0.19    0.79 ^ i_croc_soc/i_rstgen.i_rstgen_bypass.synch_regs_q_3__reg/Q (DFFRQX3)
                  0.03    0.00    0.79 ^ i_croc_soc/i_rstgen.i_rstgen_bypass.i_tc_clk_mux2_rst_no/i_mux/A0 (MUX2X2)
    10    0.13    0.38    0.32    1.11 ^ i_croc_soc/i_rstgen.i_rstgen_bypass.i_tc_clk_mux2_rst_no/i_mux/Y (MUX2X2)
                  0.39    0.04    1.15 ^ place7966/A (BUFX3)
     8    0.03    0.09    0.19    1.35 ^ place7966/Y (BUFX3)
                  0.09    0.00    1.35 ^ i_croc_soc/i_croc/i_soc_ctrl/core_status_q_13__reg/RB (DFFRQX3)
                                  1.35   data arrival time

                          0.00    0.00   clock clk_sys (rise edge)
                          0.00    0.00   clock source latency
     2    0.24    0.26    0.03    0.03 ^ clk_i (in)
                  0.26    0.00    0.03 ^ pad_clk_i/pad (sg13cmos5l_IOPadIn)
     2    0.18    0.22    0.10    0.12 ^ pad_clk_i/p2c (sg13cmos5l_IOPadIn)
                  0.21    0.06    0.18 ^ clkbuf_regs_0_clk_sys/A (BUFX64)
     1    0.03    0.03    0.12    0.30 ^ clkbuf_regs_0_clk_sys/Y (BUFX64)
                  0.03    0.00    0.30 ^ clkbuf_0_soc_clk_i_regs/A (BUFX64)
     4    0.19    0.02    0.06    0.36 ^ clkbuf_0_soc_clk_i_regs/Y (BUFX64)
                  0.05    0.02    0.38 ^ clkbuf_2_0_0_soc_clk_i_regs/A (BUFX64)
     2    0.10    0.02    0.07    0.45 ^ clkbuf_2_0_0_soc_clk_i_regs/Y (BUFX64)
                  0.03    0.01    0.46 ^ clkbuf_3_0__f_soc_clk_i_regs/A (BUFX64)
    11    0.48    0.06    0.08    0.54 ^ clkbuf_3_0__f_soc_clk_i_regs/Y (BUFX64)
                  0.08    0.03    0.57 ^ clkbuf_leaf_86_soc_clk_i_regs/A (BUFX64)
    43    0.12    0.03    0.08    0.65 ^ clkbuf_leaf_86_soc_clk_i_regs/Y (BUFX64)
                  0.03    0.01    0.66 ^ i_croc_soc/i_croc/i_soc_ctrl/core_status_q_13__reg/CK (DFFRQX3)
                          0.10    0.76   clock uncertainty
                         -0.03    0.73   clock reconvergence pessimism
                         -0.06    0.67   library removal time
                                  0.67   data required time
-----------------------------------------------------------------------------
                                  0.67   data required time
                                 -1.35   data arrival time
-----------------------------------------------------------------------------
                                  0.68   slack (MET)


Startpoint: i_croc_soc/i_croc/i_dmi_jtag/i_dmi_jtag_tap.jtag_ir_shift_q_0__reg
            (rising edge-triggered flip-flop clocked by clk_jtg)
Endpoint: i_croc_soc/i_croc/i_dmi_jtag/td_o_reg
          (rising edge-triggered flip-flop clocked by clk_jtg)
Path Group: clk_jtg
Path Type: min
Corner: ff

Fanout     Cap    Slew   Delay    Time   Description
-----------------------------------------------------------------------------
                          0.00    0.00   clock clk_jtg (rise edge)
                          0.00    0.00   clock source latency
     2    0.20    0.25    0.02    0.02 ^ jtag_tck_i (in)
                  0.25    0.00    0.02 ^ pad_jtag_tck_i/pad (sg13cmos5l_IOPadIn)
     2    0.07    0.10    0.07    0.09 ^ pad_jtag_tck_i/p2c (sg13cmos5l_IOPadIn)
                  0.08    0.01    0.10 ^ clkbuf_regs_1_clk_jtg/A (BUFX64)
     1    0.02    0.02    0.07    0.18 ^ clkbuf_regs_1_clk_jtg/Y (BUFX64)
                  0.02    0.00    0.18 ^ clkbuf_0_soc_jtag_tck_i_regs/A (BUFX64)
     2    0.05    0.02    0.05    0.23 ^ clkbuf_0_soc_jtag_tck_i_regs/Y (BUFX64)
                  0.02    0.00    0.23 ^ clkbuf_1_0__f_soc_jtag_tck_i_regs/A (BUFX64)
     5    0.12    0.02    0.06    0.29 ^ clkbuf_1_0__f_soc_jtag_tck_i_regs/Y (BUFX64)
                  0.03    0.01    0.30 ^ clkbuf_leaf_8_soc_jtag_tck_i_regs/A (BUFX64)
    18    0.07    0.02    0.06    0.36 ^ clkbuf_leaf_8_soc_jtag_tck_i_regs/Y (BUFX64)
                  0.02    0.01    0.37 ^ i_croc_soc/i_croc/i_dmi_jtag/i_dmi_jtag_tap.jtag_ir_shift_q_0__reg/CK (DFFRQX3)
     4    0.01    0.03    0.17    0.54 v i_croc_soc/i_croc/i_dmi_jtag/i_dmi_jtag_tap.jtag_ir_shift_q_0__reg/Q (DFFRQX3)
                  0.03    0.00    0.54 v i_croc_soc/i_croc/i_dmi_jtag/_1430_/A0 (MUX2X1)
     1    0.01    0.04    0.09    0.63 v i_croc_soc/i_croc/i_dmi_jtag/_1430_/Y (MUX2X1)
                  0.04    0.00    0.63 v i_croc_soc/i_croc/i_dmi_jtag/td_o_reg/D (DFFRQX3)
                                  0.63   data arrival time

                          0.00    0.00   clock clk_jtg (rise edge)
                          0.00    0.00   clock source latency
     2    0.24    0.26    0.03    0.03 ^ jtag_tck_i (in)
                  0.26    0.00    0.03 ^ pad_jtag_tck_i/pad (sg13cmos5l_IOPadIn)
     2    0.09    0.12    0.08    0.11 ^ pad_jtag_tck_i/p2c (sg13cmos5l_IOPadIn)
                  0.09    0.01    0.11 ^ clkbuf_0_soc_jtag_tck_i/A (BUFX64)
     1    0.03    0.02    0.08    0.19 ^ clkbuf_0_soc_jtag_tck_i/Y (BUFX64)
                  0.02    0.00    0.19 ^ clkbuf_1_0__f_soc_jtag_tck_i/A (BUFX64)
     1    0.00    0.01    0.05    0.24 ^ clkbuf_1_0__f_soc_jtag_tck_i/Y (BUFX64)
                  0.01    0.00    0.24 ^ i_croc_soc/i_croc/i_dmi_jtag/i_dmi_jtag_tap.i_dft_tck_mux/i_mux/A1 (MUX2X2)
     1    0.03    0.10    0.14    0.38 ^ i_croc_soc/i_croc/i_dmi_jtag/i_dmi_jtag_tap.i_dft_tck_mux/i_mux/Y (MUX2X2)
                  0.10    0.00    0.38 ^ clkbuf_0_i_croc_soc/i_croc/i_dmi_jtag/i_dmi_jtag_tap.tck_n/A (BUFX64)
     2    0.06    0.02    0.08    0.46 ^ clkbuf_0_i_croc_soc/i_croc/i_dmi_jtag/i_dmi_jtag_tap.tck_n/Y (BUFX64)
                  0.02    0.00    0.46 ^ clkbuf_1_0__f_i_croc_soc/i_croc/i_dmi_jtag/i_dmi_jtag_tap.tck_n/A (BUFX64)
     1    0.01    0.01    0.05    0.51 ^ clkbuf_1_0__f_i_croc_soc/i_croc/i_dmi_jtag/i_dmi_jtag_tap.tck_n/Y (BUFX64)
                  0.01    0.00    0.51 ^ i_croc_soc/i_croc/i_dmi_jtag/td_o_reg/CK (DFFRQX3)
                          0.10    0.61   clock uncertainty
                         -0.01    0.60   clock reconvergence pessimism
                          0.01    0.61   library hold time
                                  0.61   data required time
-----------------------------------------------------------------------------
                                  0.61   data required time
                                 -0.63   data arrival time
-----------------------------------------------------------------------------
                                  0.02   slack (MET)


Startpoint: i_croc_soc/i_croc/i_gpio/gen_gpios[17].i_sync/reg_q_0__reg
            (rising edge-triggered flip-flop clocked by clk_sys)
Endpoint: i_croc_soc/i_croc/i_gpio/gen_gpios[17].i_sync/serial_o_reg
          (rising edge-triggered flip-flop clocked by clk_sys)
Path Group: clk_sys
Path Type: min
Corner: ff

Fanout     Cap    Slew   Delay    Time   Description
-----------------------------------------------------------------------------
                          0.00    0.00   clock clk_sys (rise edge)
                          0.00    0.00   clock source latency
     2    0.20    0.25    0.02    0.02 ^ clk_i (in)
                  0.25    0.00    0.02 ^ pad_clk_i/pad (sg13cmos5l_IOPadIn)
     2    0.16    0.20    0.09    0.11 ^ pad_clk_i/p2c (sg13cmos5l_IOPadIn)
                  0.19    0.05    0.17 ^ clkbuf_regs_0_clk_sys/A (BUFX64)
     1    0.02    0.02    0.11    0.28 ^ clkbuf_regs_0_clk_sys/Y (BUFX64)
                  0.02    0.00    0.28 ^ clkbuf_0_soc_clk_i_regs/A (BUFX64)
     4    0.16    0.02    0.06    0.34 ^ clkbuf_0_soc_clk_i_regs/Y (BUFX64)
                  0.04    0.02    0.35 ^ clkbuf_2_2_0_soc_clk_i_regs/A (BUFX64)
     2    0.09    0.02    0.06    0.42 ^ clkbuf_2_2_0_soc_clk_i_regs/Y (BUFX64)
                  0.03    0.01    0.43 ^ clkbuf_3_4__f_soc_clk_i_regs/A (BUFX64)
    13    0.34    0.04    0.07    0.50 ^ clkbuf_3_4__f_soc_clk_i_regs/Y (BUFX64)
                  0.05    0.01    0.51 ^ clkbuf_leaf_64_soc_clk_i_regs/A (BUFX64)
    46    0.11    0.02    0.07    0.58 ^ clkbuf_leaf_64_soc_clk_i_regs/Y (BUFX64)
                  0.03    0.01    0.59 ^ i_croc_soc/i_croc/i_gpio/gen_gpios[17].i_sync/reg_q_0__reg/CK (DFFRQX3)
     1    0.01    0.03    0.17    0.76 v i_croc_soc/i_croc/i_gpio/gen_gpios[17].i_sync/reg_q_0__reg/Q (DFFRQX3)
                  0.03    0.00    0.76 v i_croc_soc/i_croc/i_gpio/gen_gpios[17].i_sync/serial_o_reg/D (DFFRQX3)
                                  0.76   data arrival time

                          0.00    0.00   clock clk_sys (rise edge)
                          0.00    0.00   clock source latency
     2    0.24    0.26    0.03    0.03 ^ clk_i (in)
                  0.26    0.00    0.03 ^ pad_clk_i/pad (sg13cmos5l_IOPadIn)
     2    0.18    0.22    0.10    0.12 ^ pad_clk_i/p2c (sg13cmos5l_IOPadIn)
                  0.21    0.06    0.18 ^ clkbuf_regs_0_clk_sys/A (BUFX64)
     1    0.03    0.03    0.12    0.30 ^ clkbuf_regs_0_clk_sys/Y (BUFX64)
                  0.03    0.00    0.30 ^ clkbuf_0_soc_clk_i_regs/A (BUFX64)
     4    0.19    0.02    0.06    0.36 ^ clkbuf_0_soc_clk_i_regs/Y (BUFX64)
                  0.05    0.02    0.38 ^ clkbuf_2_0_0_soc_clk_i_regs/A (BUFX64)
     2    0.10    0.02    0.07    0.45 ^ clkbuf_2_0_0_soc_clk_i_regs/Y (BUFX64)
                  0.04    0.02    0.47 ^ clkbuf_3_1__f_soc_clk_i_regs/A (BUFX64)
    14    0.50    0.06    0.08    0.55 ^ clkbuf_3_1__f_soc_clk_i_regs/Y (BUFX64)
                  0.08    0.03    0.58 ^ clkbuf_leaf_83_soc_clk_i_regs/A (BUFX64)
    46    0.14    0.03    0.08    0.66 ^ clkbuf_leaf_83_soc_clk_i_regs/Y (BUFX64)
                  0.03    0.01    0.67 ^ i_croc_soc/i_croc/i_gpio/gen_gpios[17].i_sync/serial_o_reg/CK (DFFRQX3)
                          0.10    0.77   clock uncertainty
                         -0.03    0.74   clock reconvergence pessimism
                          0.01    0.75   library hold time
                                  0.75   data required time
-----------------------------------------------------------------------------
                                  0.75   data required time
                                 -0.76   data arrival time
-----------------------------------------------------------------------------
                                  0.01   slack (MET)



==========================================================================
04-01_croc.grt report_checks -path_delay max
--------------------------------------------------------------------------
[WARNING STA-0168] unknown field nets.
Startpoint: i_croc_soc/i_rstgen.i_rstgen_bypass.synch_regs_q_3__reg
            (rising edge-triggered flip-flop clocked by clk_sys)
Endpoint: i_croc_soc/i_croc/i_core_wrap/i_core.register_file_i/rf_reg_345__reg
          (recovery check against rising-edge clock clk_sys)
Path Group: asynchronous
Path Type: max
Corner: tt

Fanout     Cap    Slew   Delay    Time   Description
-----------------------------------------------------------------------------
                          0.00    0.00   clock clk_sys (rise edge)
                          0.00    0.00   clock source latency
     2    0.24    0.35    0.04    0.04 ^ clk_i (in)
                  0.35    0.00    0.04 ^ pad_clk_i/pad (sg13cmos5l_IOPadIn)
     2    0.18    0.32    0.16    0.20 ^ pad_clk_i/p2c (sg13cmos5l_IOPadIn)
                  0.28    0.06    0.26 ^ clkbuf_regs_0_clk_sys/A (BUFX64)
     1    0.03    0.03    0.17    0.43 ^ clkbuf_regs_0_clk_sys/Y (BUFX64)
                  0.03    0.00    0.43 ^ clkbuf_0_soc_clk_i_regs/A (BUFX64)
     4    0.18    0.04    0.09    0.52 ^ clkbuf_0_soc_clk_i_regs/Y (BUFX64)
                  0.06    0.02    0.54 ^ clkbuf_2_1_0_soc_clk_i_regs/A (BUFX64)
     2    0.09    0.03    0.10    0.64 ^ clkbuf_2_1_0_soc_clk_i_regs/Y (BUFX64)
                  0.04    0.01    0.65 ^ clkbuf_3_2__f_soc_clk_i_regs/A (BUFX64)
    10    0.34    0.06    0.11    0.76 ^ clkbuf_3_2__f_soc_clk_i_regs/Y (BUFX64)
                  0.08    0.03    0.79 ^ clkbuf_leaf_0_soc_clk_i_regs/A (BUFX64)
    42    0.16    0.04    0.11    0.90 ^ clkbuf_leaf_0_soc_clk_i_regs/Y (BUFX64)
                  0.05    0.02    0.92 ^ i_croc_soc/i_rstgen.i_rstgen_bypass.synch_regs_q_3__reg/CK (DFFRQX3)
     2    0.00    0.05    0.29    1.20 ^ i_croc_soc/i_rstgen.i_rstgen_bypass.synch_regs_q_3__reg/Q (DFFRQX3)
                  0.05    0.00    1.20 ^ i_croc_soc/i_rstgen.i_rstgen_bypass.i_tc_clk_mux2_rst_no/i_mux/A0 (MUX2X2)
    10    0.13    0.62    0.53    1.73 ^ i_croc_soc/i_rstgen.i_rstgen_bypass.i_tc_clk_mux2_rst_no/i_mux/Y (MUX2X2)
                  0.63    0.04    1.78 ^ place7983/A (BUFX8)
    13    0.11    0.15    0.36    2.13 ^ place7983/Y (BUFX8)
                  0.16    0.03    2.16 ^ place8029/A (BUFX3)
    15    0.08    0.28    0.30    2.46 ^ place8029/Y (BUFX3)
                  0.28    0.02    2.47 ^ place8050/A (BUFX3)
    14    0.06    0.20    0.30    2.77 ^ place8050/Y (BUFX3)
                  0.20    0.00    2.77 ^ place8052/A (BUFX3)
    16    0.07    0.26    0.31    3.08 ^ place8052/Y (BUFX3)
                  0.26    0.01    3.09 ^ place8053/A (BUFX3)
    15    0.06    0.22    0.30    3.39 ^ place8053/Y (BUFX3)
                  0.22    0.00    3.39 ^ place8054/A (BUFX3)
    11    0.05    0.17    0.25    3.64 ^ place8054/Y (BUFX3)
                  0.17    0.00    3.64 ^ place8055/A (BUFX3)
    14    0.06    0.21    0.26    3.90 ^ place8055/Y (BUFX3)
                  0.21    0.00    3.90 ^ i_croc_soc/i_croc/i_core_wrap/i_core.register_file_i/rf_reg_345__reg/RB (DFFRQX3)
                                  3.90   data arrival time

                         10.00   10.00   clock clk_sys (rise edge)
                          0.00   10.00   clock source latency
     2    0.20    0.34    0.03   10.03 ^ clk_i (in)
                  0.34    0.00   10.03 ^ pad_clk_i/pad (sg13cmos5l_IOPadIn)
     2    0.16    0.30    0.16   10.18 ^ pad_clk_i/p2c (sg13cmos5l_IOPadIn)
                  0.25    0.06   10.24 ^ clkbuf_regs_0_clk_sys/A (BUFX64)
     1    0.02    0.03    0.16   10.40 ^ clkbuf_regs_0_clk_sys/Y (BUFX64)
                  0.03    0.00   10.40 ^ clkbuf_0_soc_clk_i_regs/A (BUFX64)
     4    0.15    0.04    0.09   10.49 ^ clkbuf_0_soc_clk_i_regs/Y (BUFX64)
                  0.05    0.02   10.51 ^ clkbuf_2_3_0_soc_clk_i_regs/A (BUFX64)
     2    0.09    0.03    0.09   10.60 ^ clkbuf_2_3_0_soc_clk_i_regs/Y (BUFX64)
                  0.04    0.01   10.61 ^ clkbuf_3_7__f_soc_clk_i_regs/A (BUFX64)
    16    0.42    0.07    0.11   10.72 ^ clkbuf_3_7__f_soc_clk_i_regs/Y (BUFX64)
                  0.10    0.04   10.76 ^ clkbuf_leaf_47_soc_clk_i_regs/A (BUFX64)
    47    0.10    0.03    0.11   10.87 ^ clkbuf_leaf_47_soc_clk_i_regs/Y (BUFX64)
                  0.04    0.00   10.87 ^ i_croc_soc/i_croc/i_core_wrap/i_core.register_file_i/rf_reg_345__reg/CK (DFFRQX3)
                         -0.10   10.77   clock uncertainty
                          0.03   10.81   clock reconvergence pessimism
                         -0.17   10.64   library recovery time
                                 10.64   data required time
-----------------------------------------------------------------------------
                                 10.64   data required time
                                 -3.90   data arrival time
-----------------------------------------------------------------------------
                                  6.73   slack (MET)


Startpoint: i_croc_soc/i_croc/i_dmi_jtag/i_dmi_cdc.i_cdc_req/i_dst/async_ack_o_reg
            (rising edge-triggered flip-flop clocked by clk_sys)
Endpoint: i_croc_soc/i_croc/i_dm_top.i_dm_top/i_dm_csrs.progbuf_o_141__reg
          (rising edge-triggered flip-flop clocked by clk_sys)
Path Group: path delay
Path Type: max
Corner: tt

Fanout     Cap    Slew   Delay    Time   Description
-----------------------------------------------------------------------------
                  0.04    0.00    0.00 ^ i_croc_soc/i_croc/i_dmi_jtag/i_dmi_cdc.i_cdc_req/i_dst/async_ack_o_reg/CK (DFFRQX3)
     6    0.03    0.11    0.35    0.35 ^ i_croc_soc/i_croc/i_dmi_jtag/i_dmi_cdc.i_cdc_req/i_dst/async_ack_o_reg/Q (DFFRQX3)
                  0.11    0.00    0.35 ^ i_croc_soc/i_croc/i_dmi_jtag/i_dmi_cdc.i_cdc_req/i_dst/_152_/A (XOR2X1)
     1    0.00    0.12    0.14    0.49 ^ i_croc_soc/i_croc/i_dmi_jtag/i_dmi_cdc.i_cdc_req/i_dst/_152_/Y (XOR2X1)
                  0.12    0.00    0.49 ^ i_croc_soc/i_croc/i_dmi_jtag/i_dmi_cdc.i_cdc_req/_1_/AB (NOR2BX1)
     1    0.00    0.11    0.13    0.62 ^ i_croc_soc/i_croc/i_dmi_jtag/i_dmi_cdc.i_cdc_req/_1_/Y (NOR2BX1)
                  0.11    0.00    0.62 ^ place7524/A (BUFX4)
     9    0.05    0.13    0.20    0.82 ^ place7524/Y (BUFX4)
                  0.13    0.01    0.82 ^ i_croc_soc/i_croc/i_dm_top.i_dm_top/_3545_/A (NAND2X3)
     2    0.01    0.07    0.09    0.92 v i_croc_soc/i_croc/i_dm_top.i_dm_top/_3545_/Y (NAND2X3)
                  0.07    0.00    0.92 v i_croc_soc/i_croc/i_dm_top.i_dm_top/_3546_/B (NOR2X4)
     2    0.01    0.15    0.09    1.01 ^ i_croc_soc/i_croc/i_dm_top.i_dm_top/_3546_/Y (NOR2X4)
                  0.15    0.00    1.01 ^ i_croc_soc/i_croc/i_dm_top.i_dm_top/_3560_/A (NAND2X4)
     6    0.03    0.15    0.15    1.16 v i_croc_soc/i_croc/i_dm_top.i_dm_top/_3560_/Y (NAND2X4)
                  0.15    0.00    1.16 v i_croc_soc/i_croc/i_dm_top.i_dm_top/_4820_/A (OAI21X2)
     8    0.04    0.37    0.34    1.50 ^ i_croc_soc/i_croc/i_dm_top.i_dm_top/_4820_/Y (OAI21X2)
                  0.37    0.00    1.51 ^ i_croc_soc/i_croc/i_dm_top.i_dm_top/_4911_/D (AOAI211X2)
    13    0.06    0.60    0.60    2.11 v i_croc_soc/i_croc/i_dm_top.i_dm_top/_4911_/Y (AOAI211X2)
                  0.60    0.00    2.11 v place7201/A (BUFX3)
    12    0.03    0.10    0.31    2.42 v place7201/Y (BUFX3)
                  0.10    0.00    2.42 v i_croc_soc/i_croc/i_dm_top.i_dm_top/_4964_/A (OAI21X1)
     1    0.00    0.10    0.13    2.55 ^ i_croc_soc/i_croc/i_dm_top.i_dm_top/_4964_/Y (OAI21X1)
                  0.10    0.00    2.55 ^ i_croc_soc/i_croc/i_dm_top.i_dm_top/i_dm_csrs.progbuf_o_141__reg/D (DFFRQX3)
                                  2.55   data arrival time

                          3.00    3.00   max_delay
                         -0.12    2.88   library setup time
                                  2.88   data required time
-----------------------------------------------------------------------------
                                  2.88   data required time
                                 -2.55   data arrival time
-----------------------------------------------------------------------------
                                  0.33   slack (MET)


Startpoint: i_croc_soc/i_croc/i_dmi_jtag/td_o_reg
            (rising edge-triggered flip-flop clocked by clk_jtg')
Endpoint: jtag_tdo_o (output port clocked by clk_jtg)
Path Group: clk_jtg
Path Type: max
Corner: tt

Fanout     Cap    Slew   Delay    Time   Description
-----------------------------------------------------------------------------
                         12.50   12.50   clock clk_jtg' (rise edge)
                          0.00   12.50   clock source latency
     2    0.23    0.49    0.03   12.53 v jtag_tck_i (in)
                  0.49    0.00   12.53 v pad_jtag_tck_i/pad (sg13cmos5l_IOPadIn)
     2    0.09    0.21    0.68   13.20 v pad_jtag_tck_i/p2c (sg13cmos5l_IOPadIn)
                  0.16    0.01   13.22 v clkbuf_regs_1_clk_jtg/A (BUFX64)
     1    0.03    0.03    0.14   13.35 v clkbuf_regs_1_clk_jtg/Y (BUFX64)
                  0.03    0.00   13.36 v clkbuf_0_soc_jtag_tck_i_regs/A (BUFX64)
     2    0.06    0.03    0.09   13.45 v clkbuf_0_soc_jtag_tck_i_regs/Y (BUFX64)
                  0.03    0.00   13.45 v clkbuf_1_0__f_soc_jtag_tck_i_regs/A (BUFX64)
     5    0.16    0.04    0.10   13.56 v clkbuf_1_0__f_soc_jtag_tck_i_regs/Y (BUFX64)
                  0.05    0.01   13.57 v clkbuf_leaf_8_soc_jtag_tck_i_regs/A (BUFX64)
    18    0.09    0.03    0.10   13.68 v clkbuf_leaf_8_soc_jtag_tck_i_regs/Y (BUFX64)
                  0.04    0.01   13.68 v i_croc_soc/i_croc/i_dmi_jtag/i_dmi_jtag_tap.i_tck_inv/i_inv_8578/A (INVX2)
     1    0.00    0.03    0.04   13.72 ^ i_croc_soc/i_croc/i_dmi_jtag/i_dmi_jtag_tap.i_tck_inv/i_inv_8578/Y (INVX2)
                  0.03    0.00   13.72 ^ i_croc_soc/i_croc/i_dmi_jtag/i_dmi_jtag_tap.i_dft_tck_mux/i_mux/A0 (MUX2X2)
     1    0.03    0.14    0.21   13.93 ^ i_croc_soc/i_croc/i_dmi_jtag/i_dmi_jtag_tap.i_dft_tck_mux/i_mux/Y (MUX2X2)
                  0.14    0.00   13.93 ^ clkbuf_0_i_croc_soc/i_croc/i_dmi_jtag/i_dmi_jtag_tap.tck_n/A (BUFX64)
     2    0.06    0.03    0.12   14.05 ^ clkbuf_0_i_croc_soc/i_croc/i_dmi_jtag/i_dmi_jtag_tap.tck_n/Y (BUFX64)
                  0.03    0.00   14.05 ^ clkbuf_1_0__f_i_croc_soc/i_croc/i_dmi_jtag/i_dmi_jtag_tap.tck_n/A (BUFX64)
     1    0.01    0.02    0.07   14.13 ^ clkbuf_1_0__f_i_croc_soc/i_croc/i_dmi_jtag/i_dmi_jtag_tap.tck_n/Y (BUFX64)
                  0.02    0.00   14.13 ^ i_croc_soc/i_croc/i_dmi_jtag/td_o_reg/CK (DFFRQX3)
     1    0.09    0.31    0.47   14.60 ^ i_croc_soc/i_croc/i_dmi_jtag/td_o_reg/Q (DFFRQX3)
                  0.41    0.02   14.62 ^ pad_jtag_tdo_o/c2p (sg13cmos5l_IOPadOut16mA)
     2   15.00    3.55    3.29   17.91 ^ pad_jtag_tdo_o/pad (sg13cmos5l_IOPadOut16mA)
                  2.66    0.00   17.91 ^ jtag_tdo_o (out)
                                 17.91   data arrival time

                         25.00   25.00   clock clk_jtg (rise edge)
                          0.00   25.00   clock network delay (propagated)
                         -0.10   24.90   clock uncertainty
                          0.00   24.90   clock reconvergence pessimism
                         -5.00   19.90   output external delay
                                 19.90   data required time
-----------------------------------------------------------------------------
                                 19.90   data required time
                                -17.91   data arrival time
-----------------------------------------------------------------------------
                                  1.99   slack (MET)


Startpoint: i_croc_soc/i_croc/i_core_wrap/i_core.id_stage_i.controller_i.instr_i_15__reg
            (rising edge-triggered flip-flop clocked by clk_sys)
Endpoint: i_croc_soc/i_croc/i_dm_top.i_dm_top/i_dm_mem.rdata_q_5__reg
          (rising edge-triggered flip-flop clocked by clk_sys)
Path Group: clk_sys
Path Type: max
Corner: tt

Fanout     Cap    Slew   Delay    Time   Description
-----------------------------------------------------------------------------
                          0.00    0.00   clock clk_sys (rise edge)
                          0.00    0.00   clock source latency
     2    0.24    0.35    0.04    0.04 ^ clk_i (in)
                  0.35    0.00    0.04 ^ pad_clk_i/pad (sg13cmos5l_IOPadIn)
     2    0.18    0.32    0.16    0.20 ^ pad_clk_i/p2c (sg13cmos5l_IOPadIn)
                  0.28    0.06    0.26 ^ clkbuf_regs_0_clk_sys/A (BUFX64)
     1    0.03    0.03    0.17    0.43 ^ clkbuf_regs_0_clk_sys/Y (BUFX64)
                  0.03    0.00    0.43 ^ clkbuf_0_soc_clk_i_regs/A (BUFX64)
     4    0.18    0.04    0.09    0.52 ^ clkbuf_0_soc_clk_i_regs/Y (BUFX64)
                  0.06    0.02    0.54 ^ clkbuf_2_3_0_soc_clk_i_regs/A (BUFX64)
     2    0.10    0.03    0.10    0.64 ^ clkbuf_2_3_0_soc_clk_i_regs/Y (BUFX64)
                  0.04    0.01    0.65 ^ clkbuf_3_7__f_soc_clk_i_regs/A (BUFX64)
    16    0.55    0.09    0.12    0.77 ^ clkbuf_3_7__f_soc_clk_i_regs/Y (BUFX64)
                  0.11    0.03    0.80 ^ clkbuf_leaf_41_soc_clk_i_regs/A (BUFX64)
    47    0.14    0.04    0.12    0.92 ^ clkbuf_leaf_41_soc_clk_i_regs/Y (BUFX64)
                  0.04    0.01    0.93 ^ i_croc_soc/i_croc/i_core_wrap/i_core.id_stage_i.controller_i.instr_i_15__reg/CK (DFFRQX3)
     2    0.01    0.07    0.31    1.24 ^ i_croc_soc/i_croc/i_core_wrap/i_core.id_stage_i.controller_i.instr_i_15__reg/Q (DFFRQX3)
                  0.07    0.00    1.24 ^ place8474/A (BUFX16)
    14    0.09    0.07    0.13    1.37 ^ place8474/Y (BUFX16)
                  0.07    0.02    1.39 ^ place8500/A (BUFX4)
    15    0.07    0.17    0.22    1.60 ^ place8500/Y (BUFX4)
                  0.17    0.01    1.61 ^ place8501/A (BUFX3)
     9    0.03    0.12    0.20    1.82 ^ place8501/Y (BUFX3)
                  0.12    0.00    1.82 ^ place8502/A (BUFX3)
    13    0.06    0.20    0.24    2.05 ^ place8502/Y (BUFX3)
                  0.20    0.00    2.06 ^ i_croc_soc/i_croc/i_core_wrap/i_core.register_file_i/_3628_/S0 (MUXI2X1)
     1    0.00    0.11    0.18    2.24 ^ i_croc_soc/i_croc/i_core_wrap/i_core.register_file_i/_3628_/Y (MUXI2X1)
                  0.11    0.00    2.24 ^ i_croc_soc/i_croc/i_core_wrap/i_core.register_file_i/_3630_/B (OAI22X1)
     1    0.00    0.09    0.12    2.36 v i_croc_soc/i_croc/i_core_wrap/i_core.register_file_i/_3630_/Y (OAI22X1)
                  0.09    0.00    2.36 v i_croc_soc/i_croc/i_core_wrap/i_core.register_file_i/_3637_/A (OAOI211X1)
     1    0.01    0.28    0.27    2.63 ^ i_croc_soc/i_croc/i_core_wrap/i_core.register_file_i/_3637_/Y (OAOI211X1)
                  0.28    0.00    2.63 ^ i_croc_soc/i_croc/i_core_wrap/i_core.register_file_i/_3645_/C (OAI211X1)
     1    0.02    0.50    0.51    3.14 v i_croc_soc/i_croc/i_core_wrap/i_core.register_file_i/_3645_/Y (OAI211X1)
                  0.50    0.00    3.14 v i_croc_soc/i_croc/i_core_wrap/_4406_/A (INVX1)
     1    0.01    0.15    0.19    3.33 ^ i_croc_soc/i_croc/i_core_wrap/_4406_/Y (INVX1)
                  0.15    0.00    3.33 ^ i_croc_soc/i_croc/i_core_wrap/_4407_/E (AOI221X1)
     1    0.00    0.19    0.10    3.43 v i_croc_soc/i_croc/i_core_wrap/_4407_/Y (AOI221X1)
                  0.19    0.00    3.43 v i_croc_soc/i_croc/i_core_wrap/_4408_/C (AOAI211X1)
     1    0.00    0.12    0.15    3.59 ^ i_croc_soc/i_croc/i_core_wrap/_4408_/Y (AOAI211X1)
                  0.12    0.00    3.59 ^ i_croc_soc/i_croc/i_core_wrap/_4411_/B (OAOI211X1)
     2    0.01    0.21    0.21    3.80 v i_croc_soc/i_croc/i_core_wrap/_4411_/Y (OAOI211X1)
                  0.21    0.00    3.80 v i_croc_soc/i_croc/i_core_wrap/_4412_/B (NOR2X4)
     8    0.02    0.14    0.17    3.97 ^ i_croc_soc/i_croc/i_core_wrap/_4412_/Y (NOR2X4)
                  0.14    0.00    3.97 ^ i_croc_soc/i_croc/i_core_wrap/_4897_/C (AOI22X1)
     2    0.00    0.17    0.14    4.11 v i_croc_soc/i_croc/i_core_wrap/_4897_/Y (AOI22X1)
                  0.17    0.00    4.11 v i_croc_soc/i_croc/i_core_wrap/_4900_/B (AOI211X1)
     2    0.01    0.24    0.27    4.37 ^ i_croc_soc/i_croc/i_core_wrap/_4900_/Y (AOI211X1)
                  0.24    0.00    4.37 ^ i_croc_soc/i_croc/i_core_wrap/_4912_/A (NOR2X1)
     2    0.01    0.12    0.17    4.55 v i_croc_soc/i_croc/i_core_wrap/_4912_/Y (NOR2X1)
                  0.12    0.00    4.55 v place7143/A (BUFX3)
     4    0.01    0.05    0.14    4.68 v place7143/Y (BUFX3)
                  0.05    0.00    4.68 v i_croc_soc/i_croc/i_core_wrap/_5041_/C (AOI21X2)
     4    0.02    0.18    0.16    4.84 ^ i_croc_soc/i_croc/i_core_wrap/_5041_/Y (AOI21X2)
                  0.18    0.00    4.84 ^ i_croc_soc/i_croc/i_core_wrap/_5129_/S0 (MUX2X1)
     1    0.00    0.06    0.21    5.05 v i_croc_soc/i_croc/i_core_wrap/_5129_/Y (MUX2X1)
                  0.06    0.00    5.05 v i_croc_soc/i_croc/i_core_wrap/_5131_/A1 (MUXI2X1)
     1    0.01    0.15    0.13    5.18 ^ i_croc_soc/i_croc/i_core_wrap/_5131_/Y (MUXI2X1)
                  0.15    0.00    5.18 ^ i_croc_soc/i_croc/i_core_wrap/_5132_/B (XOR2X2)
     2    0.02    0.18    0.25    5.42 ^ i_croc_soc/i_croc/i_core_wrap/_5132_/Y (XOR2X2)
                  0.18    0.00    5.43 ^ i_croc_soc/i_croc/i_core_wrap/_5996_/A (AOI211X1)
     2    0.02    0.30    0.30    5.73 v i_croc_soc/i_croc/i_core_wrap/_5996_/Y (AOI211X1)
                  0.30    0.00    5.73 v i_croc_soc/i_croc/i_core_wrap/_7026_/C (OAI31X2)
     2    0.01    0.21    0.25    5.98 ^ i_croc_soc/i_croc/i_core_wrap/_7026_/Y (OAI31X2)
                  0.21    0.00    5.98 ^ i_croc_soc/i_croc/i_core_wrap/_7313_/A0 (MUX2X2)
     2    0.01    0.06    0.20    6.19 ^ i_croc_soc/i_croc/i_core_wrap/_7313_/Y (MUX2X2)
                  0.06    0.00    6.19 ^ i_croc_soc/i_croc/_3189_/D (AND4X2)
     3    0.01    0.08    0.27    6.46 ^ i_croc_soc/i_croc/_3189_/Y (AND4X2)
                  0.08    0.00    6.46 ^ place6780/A (BUFX3)
     2    0.01    0.04    0.11    6.57 ^ place6780/Y (BUFX3)
                  0.04    0.00    6.57 ^ i_croc_soc/i_croc/_3202_/B (NAND3X2)
     2    0.01    0.12    0.12    6.68 v i_croc_soc/i_croc/_3202_/Y (NAND3X2)
                  0.12    0.00    6.68 v i_croc_soc/i_croc/_3203_/A (XOR2X1)
     1    0.01    0.14    0.15    6.84 v i_croc_soc/i_croc/_3203_/Y (XOR2X1)
                  0.14    0.00    6.84 v i_croc_soc/i_croc/_3227_/A (AOI221X3)
     2    0.01    0.22    0.24    7.08 ^ i_croc_soc/i_croc/_3227_/Y (AOI221X3)
                  0.22    0.00    7.08 ^ place6697/A (BUFX3)
     4    0.01    0.06    0.17    7.24 ^ place6697/Y (BUFX3)
                  0.06    0.00    7.24 ^ i_croc_soc/i_croc/_3228_/B (OR2X2)
     2    0.01    0.06    0.12    7.36 ^ i_croc_soc/i_croc/_3228_/Y (OR2X2)
                  0.06    0.00    7.36 ^ i_croc_soc/i_croc/_3280_/B (OAI21X2)
     2    0.01    0.08    0.08    7.44 v i_croc_soc/i_croc/_3280_/Y (OAI21X2)
                  0.08    0.00    7.44 v i_croc_soc/i_croc/_3356_/B (OR2X1)
     3    0.01    0.08    0.16    7.61 v i_croc_soc/i_croc/_3356_/Y (OR2X1)
                  0.08    0.00    7.61 v place6674/A (BUFX3)
    15    0.05    0.13    0.19    7.80 v place6674/Y (BUFX3)
                  0.13    0.00    7.80 v i_croc_soc/i_croc/_3414_/B (OR3BX1)
     1    0.00    0.10    0.19    7.99 v i_croc_soc/i_croc/_3414_/Y (OR3BX1)
                  0.10    0.00    8.00 v i_croc_soc/i_croc/_3432_/A (AOI22X2)
     5    0.02    0.20    0.21    8.21 ^ i_croc_soc/i_croc/_3432_/Y (AOI22X2)
                  0.20    0.00    8.21 ^ i_croc_soc/i_croc/_3521_/D (OA211X2)
     1    0.00    0.06    0.25    8.46 ^ i_croc_soc/i_croc/_3521_/Y (OA211X2)
                  0.06    0.00    8.46 ^ i_croc_soc/i_croc/_3524_/C (OAI221X2)
     1    0.01    0.11    0.13    8.59 v i_croc_soc/i_croc/_3524_/Y (OAI221X2)
                  0.11    0.00    8.59 v i_croc_soc/i_croc/_3525_/D (OAOI211X2)
     4    0.01    0.24    0.25    8.84 ^ i_croc_soc/i_croc/_3525_/Y (OAOI211X2)
                  0.24    0.00    8.84 ^ i_croc_soc/i_croc/_3527_/A (NAND3X2)
     2    0.01    0.10    0.16    9.00 v i_croc_soc/i_croc/_3527_/Y (NAND3X2)
                  0.10    0.00    9.00 v i_croc_soc/i_croc/_3528_/AB (NAND2BX4)
    10    0.04    0.16    0.25    9.24 v i_croc_soc/i_croc/_3528_/Y (NAND2BX4)
                  0.16    0.01    9.25 v place6455/A (BUFX12)
     8    0.04    0.05    0.17    9.42 v place6455/Y (BUFX12)
                  0.05    0.00    9.42 v i_croc_soc/i_croc/_3732_/A (NOR2X4)
     5    0.01    0.14    0.09    9.51 ^ i_croc_soc/i_croc/_3732_/Y (NOR2X4)
                  0.14    0.00    9.51 ^ i_croc_soc/i_croc/i_dm_top.i_dm_top/_6212_/D (NAND4BBX2)
     2    0.01    0.14    0.20    9.70 v i_croc_soc/i_croc/i_dm_top.i_dm_top/_6212_/Y (NAND4BBX2)
                  0.14    0.00    9.70 v i_croc_soc/i_croc/i_dm_top.i_dm_top/_6217_/D (NOR4BX2)
     3    0.01    0.26    0.27    9.97 ^ i_croc_soc/i_croc/i_dm_top.i_dm_top/_6217_/Y (NOR4BX2)
                  0.26    0.00    9.97 ^ i_croc_soc/i_croc/i_dm_top.i_dm_top/_6219_/B (AO21X2)
     3    0.01    0.06    0.21   10.19 ^ i_croc_soc/i_croc/i_dm_top.i_dm_top/_6219_/Y (AO21X2)
                  0.06    0.00   10.19 ^ i_croc_soc/i_croc/i_dm_top.i_dm_top/_6226_/A (AOI21BX2)
     2    0.01    0.08    0.08   10.27 v i_croc_soc/i_croc/i_dm_top.i_dm_top/_6226_/Y (AOI21BX2)
                  0.08    0.00   10.27 v i_croc_soc/i_croc/i_dm_top.i_dm_top/_6227_/B (AND2X1)
     2    0.01    0.07    0.13   10.39 v i_croc_soc/i_croc/i_dm_top.i_dm_top/_6227_/Y (AND2X1)
                  0.07    0.00   10.39 v i_croc_soc/i_croc/i_dm_top.i_dm_top/_6232_/AB (NAND2BX4)
    15    0.05    0.18    0.25   10.64 v i_croc_soc/i_croc/i_dm_top.i_dm_top/_6232_/Y (NAND2BX4)
                  0.18    0.00   10.64 v i_croc_soc/i_croc/i_dm_top.i_dm_top/_6706_/D (AOI211X1)
     1    0.01    0.36    0.34   10.98 ^ i_croc_soc/i_croc/i_dm_top.i_dm_top/_6706_/Y (AOI211X1)
                  0.36    0.00   10.98 ^ place6240/A (BUFX3)
     1    0.00    0.04    0.18   11.17 ^ place6240/Y (BUFX3)
                  0.04    0.00   11.17 ^ i_croc_soc/i_croc/i_dm_top.i_dm_top/_6707_/C (AOI2B1X1)
     1    0.00    0.07    0.06   11.22 v i_croc_soc/i_croc/i_dm_top.i_dm_top/_6707_/Y (AOI2B1X1)
                  0.07    0.00   11.22 v i_croc_soc/i_croc/i_dm_top.i_dm_top/i_dm_mem.rdata_q_5__reg/D (DFFRQX3)
                                 11.22   data arrival time

                         10.00   10.00   clock clk_sys (rise edge)
                          0.00   10.00   clock source latency
     2    0.20    0.34    0.03   10.03 ^ clk_i (in)
                  0.34    0.00   10.03 ^ pad_clk_i/pad (sg13cmos5l_IOPadIn)
     2    0.16    0.30    0.16   10.18 ^ pad_clk_i/p2c (sg13cmos5l_IOPadIn)
                  0.25    0.06   10.24 ^ clkbuf_regs_0_clk_sys/A (BUFX64)
     1    0.02    0.03    0.16   10.40 ^ clkbuf_regs_0_clk_sys/Y (BUFX64)
                  0.03    0.00   10.40 ^ clkbuf_0_soc_clk_i_regs/A (BUFX64)
     4    0.15    0.04    0.09   10.49 ^ clkbuf_0_soc_clk_i_regs/Y (BUFX64)
                  0.05    0.02   10.51 ^ clkbuf_2_1_0_soc_clk_i_regs/A (BUFX64)
     2    0.08    0.03    0.09   10.60 ^ clkbuf_2_1_0_soc_clk_i_regs/Y (BUFX64)
                  0.03    0.01   10.61 ^ clkbuf_3_3__f_soc_clk_i_regs/A (BUFX64)
     9    0.25    0.05    0.10   10.71 ^ clkbuf_3_3__f_soc_clk_i_regs/Y (BUFX64)
                  0.05    0.01   10.72 ^ clkbuf_leaf_5_soc_clk_i_regs/A (BUFX64)
    45    0.11    0.03    0.10   10.81 ^ clkbuf_leaf_5_soc_clk_i_regs/Y (BUFX64)
                  0.04    0.01   10.82 ^ i_croc_soc/i_croc/i_dm_top.i_dm_top/i_dm_mem.rdata_q_5__reg/CK (DFFRQX3)
                         -0.10   10.72   clock uncertainty
                          0.03   10.75   clock reconvergence pessimism
                         -0.07   10.68   library setup time
                                 10.68   data required time
-----------------------------------------------------------------------------
                                 10.68   data required time
                                -11.22   data arrival time
-----------------------------------------------------------------------------
                                 -0.54   slack (VIOLATED)



==========================================================================
04-01_croc.grt report_checks -unconstrained
--------------------------------------------------------------------------
[WARNING STA-0168] unknown field nets.
Startpoint: i_croc_soc/i_rstgen.i_rstgen_bypass.synch_regs_q_3__reg
            (rising edge-triggered flip-flop clocked by clk_sys)
Endpoint: i_croc_soc/i_croc/i_core_wrap/i_core.register_file_i/rf_reg_345__reg
          (recovery check against rising-edge clock clk_sys)
Path Group: asynchronous
Path Type: max
Corner: tt

Fanout     Cap    Slew   Delay    Time   Description
-----------------------------------------------------------------------------
                          0.00    0.00   clock clk_sys (rise edge)
                          0.00    0.00   clock source latency
     2    0.24    0.35    0.04    0.04 ^ clk_i (in)
                  0.35    0.00    0.04 ^ pad_clk_i/pad (sg13cmos5l_IOPadIn)
     2    0.18    0.32    0.16    0.20 ^ pad_clk_i/p2c (sg13cmos5l_IOPadIn)
                  0.28    0.06    0.26 ^ clkbuf_regs_0_clk_sys/A (BUFX64)
     1    0.03    0.03    0.17    0.43 ^ clkbuf_regs_0_clk_sys/Y (BUFX64)
                  0.03    0.00    0.43 ^ clkbuf_0_soc_clk_i_regs/A (BUFX64)
     4    0.18    0.04    0.09    0.52 ^ clkbuf_0_soc_clk_i_regs/Y (BUFX64)
                  0.06    0.02    0.54 ^ clkbuf_2_1_0_soc_clk_i_regs/A (BUFX64)
     2    0.09    0.03    0.10    0.64 ^ clkbuf_2_1_0_soc_clk_i_regs/Y (BUFX64)
                  0.04    0.01    0.65 ^ clkbuf_3_2__f_soc_clk_i_regs/A (BUFX64)
    10    0.34    0.06    0.11    0.76 ^ clkbuf_3_2__f_soc_clk_i_regs/Y (BUFX64)
                  0.08    0.03    0.79 ^ clkbuf_leaf_0_soc_clk_i_regs/A (BUFX64)
    42    0.16    0.04    0.11    0.90 ^ clkbuf_leaf_0_soc_clk_i_regs/Y (BUFX64)
                  0.05    0.02    0.92 ^ i_croc_soc/i_rstgen.i_rstgen_bypass.synch_regs_q_3__reg/CK (DFFRQX3)
     2    0.00    0.05    0.29    1.20 ^ i_croc_soc/i_rstgen.i_rstgen_bypass.synch_regs_q_3__reg/Q (DFFRQX3)
                  0.05    0.00    1.20 ^ i_croc_soc/i_rstgen.i_rstgen_bypass.i_tc_clk_mux2_rst_no/i_mux/A0 (MUX2X2)
    10    0.13    0.62    0.53    1.73 ^ i_croc_soc/i_rstgen.i_rstgen_bypass.i_tc_clk_mux2_rst_no/i_mux/Y (MUX2X2)
                  0.63    0.04    1.78 ^ place7983/A (BUFX8)
    13    0.11    0.15    0.36    2.13 ^ place7983/Y (BUFX8)
                  0.16    0.03    2.16 ^ place8029/A (BUFX3)
    15    0.08    0.28    0.30    2.46 ^ place8029/Y (BUFX3)
                  0.28    0.02    2.47 ^ place8050/A (BUFX3)
    14    0.06    0.20    0.30    2.77 ^ place8050/Y (BUFX3)
                  0.20    0.00    2.77 ^ place8052/A (BUFX3)
    16    0.07    0.26    0.31    3.08 ^ place8052/Y (BUFX3)
                  0.26    0.01    3.09 ^ place8053/A (BUFX3)
    15    0.06    0.22    0.30    3.39 ^ place8053/Y (BUFX3)
                  0.22    0.00    3.39 ^ place8054/A (BUFX3)
    11    0.05    0.17    0.25    3.64 ^ place8054/Y (BUFX3)
                  0.17    0.00    3.64 ^ place8055/A (BUFX3)
    14    0.06    0.21    0.26    3.90 ^ place8055/Y (BUFX3)
                  0.21    0.00    3.90 ^ i_croc_soc/i_croc/i_core_wrap/i_core.register_file_i/rf_reg_345__reg/RB (DFFRQX3)
                                  3.90   data arrival time

                         10.00   10.00   clock clk_sys (rise edge)
                          0.00   10.00   clock source latency
     2    0.20    0.34    0.03   10.03 ^ clk_i (in)
                  0.34    0.00   10.03 ^ pad_clk_i/pad (sg13cmos5l_IOPadIn)
     2    0.16    0.30    0.16   10.18 ^ pad_clk_i/p2c (sg13cmos5l_IOPadIn)
                  0.25    0.06   10.24 ^ clkbuf_regs_0_clk_sys/A (BUFX64)
     1    0.02    0.03    0.16   10.40 ^ clkbuf_regs_0_clk_sys/Y (BUFX64)
                  0.03    0.00   10.40 ^ clkbuf_0_soc_clk_i_regs/A (BUFX64)
     4    0.15    0.04    0.09   10.49 ^ clkbuf_0_soc_clk_i_regs/Y (BUFX64)
                  0.05    0.02   10.51 ^ clkbuf_2_3_0_soc_clk_i_regs/A (BUFX64)
     2    0.09    0.03    0.09   10.60 ^ clkbuf_2_3_0_soc_clk_i_regs/Y (BUFX64)
                  0.04    0.01   10.61 ^ clkbuf_3_7__f_soc_clk_i_regs/A (BUFX64)
    16    0.42    0.07    0.11   10.72 ^ clkbuf_3_7__f_soc_clk_i_regs/Y (BUFX64)
                  0.10    0.04   10.76 ^ clkbuf_leaf_47_soc_clk_i_regs/A (BUFX64)
    47    0.10    0.03    0.11   10.87 ^ clkbuf_leaf_47_soc_clk_i_regs/Y (BUFX64)
                  0.04    0.00   10.87 ^ i_croc_soc/i_croc/i_core_wrap/i_core.register_file_i/rf_reg_345__reg/CK (DFFRQX3)
                         -0.10   10.77   clock uncertainty
                          0.03   10.81   clock reconvergence pessimism
                         -0.17   10.64   library recovery time
                                 10.64   data required time
-----------------------------------------------------------------------------
                                 10.64   data required time
                                 -3.90   data arrival time
-----------------------------------------------------------------------------
                                  6.73   slack (MET)


Startpoint: i_croc_soc/i_croc/i_dmi_jtag/i_dmi_cdc.i_cdc_req/i_dst/async_ack_o_reg
            (rising edge-triggered flip-flop clocked by clk_sys)
Endpoint: i_croc_soc/i_croc/i_dm_top.i_dm_top/i_dm_csrs.progbuf_o_141__reg
          (rising edge-triggered flip-flop clocked by clk_sys)
Path Group: path delay
Path Type: max
Corner: tt

Fanout     Cap    Slew   Delay    Time   Description
-----------------------------------------------------------------------------
                  0.04    0.00    0.00 ^ i_croc_soc/i_croc/i_dmi_jtag/i_dmi_cdc.i_cdc_req/i_dst/async_ack_o_reg/CK (DFFRQX3)
     6    0.03    0.11    0.35    0.35 ^ i_croc_soc/i_croc/i_dmi_jtag/i_dmi_cdc.i_cdc_req/i_dst/async_ack_o_reg/Q (DFFRQX3)
                  0.11    0.00    0.35 ^ i_croc_soc/i_croc/i_dmi_jtag/i_dmi_cdc.i_cdc_req/i_dst/_152_/A (XOR2X1)
     1    0.00    0.12    0.14    0.49 ^ i_croc_soc/i_croc/i_dmi_jtag/i_dmi_cdc.i_cdc_req/i_dst/_152_/Y (XOR2X1)
                  0.12    0.00    0.49 ^ i_croc_soc/i_croc/i_dmi_jtag/i_dmi_cdc.i_cdc_req/_1_/AB (NOR2BX1)
     1    0.00    0.11    0.13    0.62 ^ i_croc_soc/i_croc/i_dmi_jtag/i_dmi_cdc.i_cdc_req/_1_/Y (NOR2BX1)
                  0.11    0.00    0.62 ^ place7524/A (BUFX4)
     9    0.05    0.13    0.20    0.82 ^ place7524/Y (BUFX4)
                  0.13    0.01    0.82 ^ i_croc_soc/i_croc/i_dm_top.i_dm_top/_3545_/A (NAND2X3)
     2    0.01    0.07    0.09    0.92 v i_croc_soc/i_croc/i_dm_top.i_dm_top/_3545_/Y (NAND2X3)
                  0.07    0.00    0.92 v i_croc_soc/i_croc/i_dm_top.i_dm_top/_3546_/B (NOR2X4)
     2    0.01    0.15    0.09    1.01 ^ i_croc_soc/i_croc/i_dm_top.i_dm_top/_3546_/Y (NOR2X4)
                  0.15    0.00    1.01 ^ i_croc_soc/i_croc/i_dm_top.i_dm_top/_3560_/A (NAND2X4)
     6    0.03    0.15    0.15    1.16 v i_croc_soc/i_croc/i_dm_top.i_dm_top/_3560_/Y (NAND2X4)
                  0.15    0.00    1.16 v i_croc_soc/i_croc/i_dm_top.i_dm_top/_4820_/A (OAI21X2)
     8    0.04    0.37    0.34    1.50 ^ i_croc_soc/i_croc/i_dm_top.i_dm_top/_4820_/Y (OAI21X2)
                  0.37    0.00    1.51 ^ i_croc_soc/i_croc/i_dm_top.i_dm_top/_4911_/D (AOAI211X2)
    13    0.06    0.60    0.60    2.11 v i_croc_soc/i_croc/i_dm_top.i_dm_top/_4911_/Y (AOAI211X2)
                  0.60    0.00    2.11 v place7201/A (BUFX3)
    12    0.03    0.10    0.31    2.42 v place7201/Y (BUFX3)
                  0.10    0.00    2.42 v i_croc_soc/i_croc/i_dm_top.i_dm_top/_4964_/A (OAI21X1)
     1    0.00    0.10    0.13    2.55 ^ i_croc_soc/i_croc/i_dm_top.i_dm_top/_4964_/Y (OAI21X1)
                  0.10    0.00    2.55 ^ i_croc_soc/i_croc/i_dm_top.i_dm_top/i_dm_csrs.progbuf_o_141__reg/D (DFFRQX3)
                                  2.55   data arrival time

                          3.00    3.00   max_delay
                         -0.12    2.88   library setup time
                                  2.88   data required time
-----------------------------------------------------------------------------
                                  2.88   data required time
                                 -2.55   data arrival time
-----------------------------------------------------------------------------
                                  0.33   slack (MET)


Startpoint: i_croc_soc/i_croc/i_dmi_jtag/td_o_reg
            (rising edge-triggered flip-flop clocked by clk_jtg')
Endpoint: jtag_tdo_o (output port clocked by clk_jtg)
Path Group: clk_jtg
Path Type: max
Corner: tt

Fanout     Cap    Slew   Delay    Time   Description
-----------------------------------------------------------------------------
                         12.50   12.50   clock clk_jtg' (rise edge)
                          0.00   12.50   clock source latency
     2    0.23    0.49    0.03   12.53 v jtag_tck_i (in)
                  0.49    0.00   12.53 v pad_jtag_tck_i/pad (sg13cmos5l_IOPadIn)
     2    0.09    0.21    0.68   13.20 v pad_jtag_tck_i/p2c (sg13cmos5l_IOPadIn)
                  0.16    0.01   13.22 v clkbuf_regs_1_clk_jtg/A (BUFX64)
     1    0.03    0.03    0.14   13.35 v clkbuf_regs_1_clk_jtg/Y (BUFX64)
                  0.03    0.00   13.36 v clkbuf_0_soc_jtag_tck_i_regs/A (BUFX64)
     2    0.06    0.03    0.09   13.45 v clkbuf_0_soc_jtag_tck_i_regs/Y (BUFX64)
                  0.03    0.00   13.45 v clkbuf_1_0__f_soc_jtag_tck_i_regs/A (BUFX64)
     5    0.16    0.04    0.10   13.56 v clkbuf_1_0__f_soc_jtag_tck_i_regs/Y (BUFX64)
                  0.05    0.01   13.57 v clkbuf_leaf_8_soc_jtag_tck_i_regs/A (BUFX64)
    18    0.09    0.03    0.10   13.68 v clkbuf_leaf_8_soc_jtag_tck_i_regs/Y (BUFX64)
                  0.04    0.01   13.68 v i_croc_soc/i_croc/i_dmi_jtag/i_dmi_jtag_tap.i_tck_inv/i_inv_8578/A (INVX2)
     1    0.00    0.03    0.04   13.72 ^ i_croc_soc/i_croc/i_dmi_jtag/i_dmi_jtag_tap.i_tck_inv/i_inv_8578/Y (INVX2)
                  0.03    0.00   13.72 ^ i_croc_soc/i_croc/i_dmi_jtag/i_dmi_jtag_tap.i_dft_tck_mux/i_mux/A0 (MUX2X2)
     1    0.03    0.14    0.21   13.93 ^ i_croc_soc/i_croc/i_dmi_jtag/i_dmi_jtag_tap.i_dft_tck_mux/i_mux/Y (MUX2X2)
                  0.14    0.00   13.93 ^ clkbuf_0_i_croc_soc/i_croc/i_dmi_jtag/i_dmi_jtag_tap.tck_n/A (BUFX64)
     2    0.06    0.03    0.12   14.05 ^ clkbuf_0_i_croc_soc/i_croc/i_dmi_jtag/i_dmi_jtag_tap.tck_n/Y (BUFX64)
                  0.03    0.00   14.05 ^ clkbuf_1_0__f_i_croc_soc/i_croc/i_dmi_jtag/i_dmi_jtag_tap.tck_n/A (BUFX64)
     1    0.01    0.02    0.07   14.13 ^ clkbuf_1_0__f_i_croc_soc/i_croc/i_dmi_jtag/i_dmi_jtag_tap.tck_n/Y (BUFX64)
                  0.02    0.00   14.13 ^ i_croc_soc/i_croc/i_dmi_jtag/td_o_reg/CK (DFFRQX3)
     1    0.09    0.31    0.47   14.60 ^ i_croc_soc/i_croc/i_dmi_jtag/td_o_reg/Q (DFFRQX3)
                  0.41    0.02   14.62 ^ pad_jtag_tdo_o/c2p (sg13cmos5l_IOPadOut16mA)
     2   15.00    3.55    3.29   17.91 ^ pad_jtag_tdo_o/pad (sg13cmos5l_IOPadOut16mA)
                  2.66    0.00   17.91 ^ jtag_tdo_o (out)
                                 17.91   data arrival time

                         25.00   25.00   clock clk_jtg (rise edge)
                          0.00   25.00   clock network delay (propagated)
                         -0.10   24.90   clock uncertainty
                          0.00   24.90   clock reconvergence pessimism
                         -5.00   19.90   output external delay
                                 19.90   data required time
-----------------------------------------------------------------------------
                                 19.90   data required time
                                -17.91   data arrival time
-----------------------------------------------------------------------------
                                  1.99   slack (MET)


Startpoint: i_croc_soc/i_croc/i_core_wrap/i_core.id_stage_i.controller_i.instr_i_15__reg
            (rising edge-triggered flip-flop clocked by clk_sys)
Endpoint: i_croc_soc/i_croc/i_dm_top.i_dm_top/i_dm_mem.rdata_q_5__reg
          (rising edge-triggered flip-flop clocked by clk_sys)
Path Group: clk_sys
Path Type: max
Corner: tt

Fanout     Cap    Slew   Delay    Time   Description
-----------------------------------------------------------------------------
                          0.00    0.00   clock clk_sys (rise edge)
                          0.00    0.00   clock source latency
     2    0.24    0.35    0.04    0.04 ^ clk_i (in)
                  0.35    0.00    0.04 ^ pad_clk_i/pad (sg13cmos5l_IOPadIn)
     2    0.18    0.32    0.16    0.20 ^ pad_clk_i/p2c (sg13cmos5l_IOPadIn)
                  0.28    0.06    0.26 ^ clkbuf_regs_0_clk_sys/A (BUFX64)
     1    0.03    0.03    0.17    0.43 ^ clkbuf_regs_0_clk_sys/Y (BUFX64)
                  0.03    0.00    0.43 ^ clkbuf_0_soc_clk_i_regs/A (BUFX64)
     4    0.18    0.04    0.09    0.52 ^ clkbuf_0_soc_clk_i_regs/Y (BUFX64)
                  0.06    0.02    0.54 ^ clkbuf_2_3_0_soc_clk_i_regs/A (BUFX64)
     2    0.10    0.03    0.10    0.64 ^ clkbuf_2_3_0_soc_clk_i_regs/Y (BUFX64)
                  0.04    0.01    0.65 ^ clkbuf_3_7__f_soc_clk_i_regs/A (BUFX64)
    16    0.55    0.09    0.12    0.77 ^ clkbuf_3_7__f_soc_clk_i_regs/Y (BUFX64)
                  0.11    0.03    0.80 ^ clkbuf_leaf_41_soc_clk_i_regs/A (BUFX64)
    47    0.14    0.04    0.12    0.92 ^ clkbuf_leaf_41_soc_clk_i_regs/Y (BUFX64)
                  0.04    0.01    0.93 ^ i_croc_soc/i_croc/i_core_wrap/i_core.id_stage_i.controller_i.instr_i_15__reg/CK (DFFRQX3)
     2    0.01    0.07    0.31    1.24 ^ i_croc_soc/i_croc/i_core_wrap/i_core.id_stage_i.controller_i.instr_i_15__reg/Q (DFFRQX3)
                  0.07    0.00    1.24 ^ place8474/A (BUFX16)
    14    0.09    0.07    0.13    1.37 ^ place8474/Y (BUFX16)
                  0.07    0.02    1.39 ^ place8500/A (BUFX4)
    15    0.07    0.17    0.22    1.60 ^ place8500/Y (BUFX4)
                  0.17    0.01    1.61 ^ place8501/A (BUFX3)
     9    0.03    0.12    0.20    1.82 ^ place8501/Y (BUFX3)
                  0.12    0.00    1.82 ^ place8502/A (BUFX3)
    13    0.06    0.20    0.24    2.05 ^ place8502/Y (BUFX3)
                  0.20    0.00    2.06 ^ i_croc_soc/i_croc/i_core_wrap/i_core.register_file_i/_3628_/S0 (MUXI2X1)
     1    0.00    0.11    0.18    2.24 ^ i_croc_soc/i_croc/i_core_wrap/i_core.register_file_i/_3628_/Y (MUXI2X1)
                  0.11    0.00    2.24 ^ i_croc_soc/i_croc/i_core_wrap/i_core.register_file_i/_3630_/B (OAI22X1)
     1    0.00    0.09    0.12    2.36 v i_croc_soc/i_croc/i_core_wrap/i_core.register_file_i/_3630_/Y (OAI22X1)
                  0.09    0.00    2.36 v i_croc_soc/i_croc/i_core_wrap/i_core.register_file_i/_3637_/A (OAOI211X1)
     1    0.01    0.28    0.27    2.63 ^ i_croc_soc/i_croc/i_core_wrap/i_core.register_file_i/_3637_/Y (OAOI211X1)
                  0.28    0.00    2.63 ^ i_croc_soc/i_croc/i_core_wrap/i_core.register_file_i/_3645_/C (OAI211X1)
     1    0.02    0.50    0.51    3.14 v i_croc_soc/i_croc/i_core_wrap/i_core.register_file_i/_3645_/Y (OAI211X1)
                  0.50    0.00    3.14 v i_croc_soc/i_croc/i_core_wrap/_4406_/A (INVX1)
     1    0.01    0.15    0.19    3.33 ^ i_croc_soc/i_croc/i_core_wrap/_4406_/Y (INVX1)
                  0.15    0.00    3.33 ^ i_croc_soc/i_croc/i_core_wrap/_4407_/E (AOI221X1)
     1    0.00    0.19    0.10    3.43 v i_croc_soc/i_croc/i_core_wrap/_4407_/Y (AOI221X1)
                  0.19    0.00    3.43 v i_croc_soc/i_croc/i_core_wrap/_4408_/C (AOAI211X1)
     1    0.00    0.12    0.15    3.59 ^ i_croc_soc/i_croc/i_core_wrap/_4408_/Y (AOAI211X1)
                  0.12    0.00    3.59 ^ i_croc_soc/i_croc/i_core_wrap/_4411_/B (OAOI211X1)
     2    0.01    0.21    0.21    3.80 v i_croc_soc/i_croc/i_core_wrap/_4411_/Y (OAOI211X1)
                  0.21    0.00    3.80 v i_croc_soc/i_croc/i_core_wrap/_4412_/B (NOR2X4)
     8    0.02    0.14    0.17    3.97 ^ i_croc_soc/i_croc/i_core_wrap/_4412_/Y (NOR2X4)
                  0.14    0.00    3.97 ^ i_croc_soc/i_croc/i_core_wrap/_4897_/C (AOI22X1)
     2    0.00    0.17    0.14    4.11 v i_croc_soc/i_croc/i_core_wrap/_4897_/Y (AOI22X1)
                  0.17    0.00    4.11 v i_croc_soc/i_croc/i_core_wrap/_4900_/B (AOI211X1)
     2    0.01    0.24    0.27    4.37 ^ i_croc_soc/i_croc/i_core_wrap/_4900_/Y (AOI211X1)
                  0.24    0.00    4.37 ^ i_croc_soc/i_croc/i_core_wrap/_4912_/A (NOR2X1)
     2    0.01    0.12    0.17    4.55 v i_croc_soc/i_croc/i_core_wrap/_4912_/Y (NOR2X1)
                  0.12    0.00    4.55 v place7143/A (BUFX3)
     4    0.01    0.05    0.14    4.68 v place7143/Y (BUFX3)
                  0.05    0.00    4.68 v i_croc_soc/i_croc/i_core_wrap/_5041_/C (AOI21X2)
     4    0.02    0.18    0.16    4.84 ^ i_croc_soc/i_croc/i_core_wrap/_5041_/Y (AOI21X2)
                  0.18    0.00    4.84 ^ i_croc_soc/i_croc/i_core_wrap/_5129_/S0 (MUX2X1)
     1    0.00    0.06    0.21    5.05 v i_croc_soc/i_croc/i_core_wrap/_5129_/Y (MUX2X1)
                  0.06    0.00    5.05 v i_croc_soc/i_croc/i_core_wrap/_5131_/A1 (MUXI2X1)
     1    0.01    0.15    0.13    5.18 ^ i_croc_soc/i_croc/i_core_wrap/_5131_/Y (MUXI2X1)
                  0.15    0.00    5.18 ^ i_croc_soc/i_croc/i_core_wrap/_5132_/B (XOR2X2)
     2    0.02    0.18    0.25    5.42 ^ i_croc_soc/i_croc/i_core_wrap/_5132_/Y (XOR2X2)
                  0.18    0.00    5.43 ^ i_croc_soc/i_croc/i_core_wrap/_5996_/A (AOI211X1)
     2    0.02    0.30    0.30    5.73 v i_croc_soc/i_croc/i_core_wrap/_5996_/Y (AOI211X1)
                  0.30    0.00    5.73 v i_croc_soc/i_croc/i_core_wrap/_7026_/C (OAI31X2)
     2    0.01    0.21    0.25    5.98 ^ i_croc_soc/i_croc/i_core_wrap/_7026_/Y (OAI31X2)
                  0.21    0.00    5.98 ^ i_croc_soc/i_croc/i_core_wrap/_7313_/A0 (MUX2X2)
     2    0.01    0.06    0.20    6.19 ^ i_croc_soc/i_croc/i_core_wrap/_7313_/Y (MUX2X2)
                  0.06    0.00    6.19 ^ i_croc_soc/i_croc/_3189_/D (AND4X2)
     3    0.01    0.08    0.27    6.46 ^ i_croc_soc/i_croc/_3189_/Y (AND4X2)
                  0.08    0.00    6.46 ^ place6780/A (BUFX3)
     2    0.01    0.04    0.11    6.57 ^ place6780/Y (BUFX3)
                  0.04    0.00    6.57 ^ i_croc_soc/i_croc/_3202_/B (NAND3X2)
     2    0.01    0.12    0.12    6.68 v i_croc_soc/i_croc/_3202_/Y (NAND3X2)
                  0.12    0.00    6.68 v i_croc_soc/i_croc/_3203_/A (XOR2X1)
     1    0.01    0.14    0.15    6.84 v i_croc_soc/i_croc/_3203_/Y (XOR2X1)
                  0.14    0.00    6.84 v i_croc_soc/i_croc/_3227_/A (AOI221X3)
     2    0.01    0.22    0.24    7.08 ^ i_croc_soc/i_croc/_3227_/Y (AOI221X3)
                  0.22    0.00    7.08 ^ place6697/A (BUFX3)
     4    0.01    0.06    0.17    7.24 ^ place6697/Y (BUFX3)
                  0.06    0.00    7.24 ^ i_croc_soc/i_croc/_3228_/B (OR2X2)
     2    0.01    0.06    0.12    7.36 ^ i_croc_soc/i_croc/_3228_/Y (OR2X2)
                  0.06    0.00    7.36 ^ i_croc_soc/i_croc/_3280_/B (OAI21X2)
     2    0.01    0.08    0.08    7.44 v i_croc_soc/i_croc/_3280_/Y (OAI21X2)
                  0.08    0.00    7.44 v i_croc_soc/i_croc/_3356_/B (OR2X1)
     3    0.01    0.08    0.16    7.61 v i_croc_soc/i_croc/_3356_/Y (OR2X1)
                  0.08    0.00    7.61 v place6674/A (BUFX3)
    15    0.05    0.13    0.19    7.80 v place6674/Y (BUFX3)
                  0.13    0.00    7.80 v i_croc_soc/i_croc/_3414_/B (OR3BX1)
     1    0.00    0.10    0.19    7.99 v i_croc_soc/i_croc/_3414_/Y (OR3BX1)
                  0.10    0.00    8.00 v i_croc_soc/i_croc/_3432_/A (AOI22X2)
     5    0.02    0.20    0.21    8.21 ^ i_croc_soc/i_croc/_3432_/Y (AOI22X2)
                  0.20    0.00    8.21 ^ i_croc_soc/i_croc/_3521_/D (OA211X2)
     1    0.00    0.06    0.25    8.46 ^ i_croc_soc/i_croc/_3521_/Y (OA211X2)
                  0.06    0.00    8.46 ^ i_croc_soc/i_croc/_3524_/C (OAI221X2)
     1    0.01    0.11    0.13    8.59 v i_croc_soc/i_croc/_3524_/Y (OAI221X2)
                  0.11    0.00    8.59 v i_croc_soc/i_croc/_3525_/D (OAOI211X2)
     4    0.01    0.24    0.25    8.84 ^ i_croc_soc/i_croc/_3525_/Y (OAOI211X2)
                  0.24    0.00    8.84 ^ i_croc_soc/i_croc/_3527_/A (NAND3X2)
     2    0.01    0.10    0.16    9.00 v i_croc_soc/i_croc/_3527_/Y (NAND3X2)
                  0.10    0.00    9.00 v i_croc_soc/i_croc/_3528_/AB (NAND2BX4)
    10    0.04    0.16    0.25    9.24 v i_croc_soc/i_croc/_3528_/Y (NAND2BX4)
                  0.16    0.01    9.25 v place6455/A (BUFX12)
     8    0.04    0.05    0.17    9.42 v place6455/Y (BUFX12)
                  0.05    0.00    9.42 v i_croc_soc/i_croc/_3732_/A (NOR2X4)
     5    0.01    0.14    0.09    9.51 ^ i_croc_soc/i_croc/_3732_/Y (NOR2X4)
                  0.14    0.00    9.51 ^ i_croc_soc/i_croc/i_dm_top.i_dm_top/_6212_/D (NAND4BBX2)
     2    0.01    0.14    0.20    9.70 v i_croc_soc/i_croc/i_dm_top.i_dm_top/_6212_/Y (NAND4BBX2)
                  0.14    0.00    9.70 v i_croc_soc/i_croc/i_dm_top.i_dm_top/_6217_/D (NOR4BX2)
     3    0.01    0.26    0.27    9.97 ^ i_croc_soc/i_croc/i_dm_top.i_dm_top/_6217_/Y (NOR4BX2)
                  0.26    0.00    9.97 ^ i_croc_soc/i_croc/i_dm_top.i_dm_top/_6219_/B (AO21X2)
     3    0.01    0.06    0.21   10.19 ^ i_croc_soc/i_croc/i_dm_top.i_dm_top/_6219_/Y (AO21X2)
                  0.06    0.00   10.19 ^ i_croc_soc/i_croc/i_dm_top.i_dm_top/_6226_/A (AOI21BX2)
     2    0.01    0.08    0.08   10.27 v i_croc_soc/i_croc/i_dm_top.i_dm_top/_6226_/Y (AOI21BX2)
                  0.08    0.00   10.27 v i_croc_soc/i_croc/i_dm_top.i_dm_top/_6227_/B (AND2X1)
     2    0.01    0.07    0.13   10.39 v i_croc_soc/i_croc/i_dm_top.i_dm_top/_6227_/Y (AND2X1)
                  0.07    0.00   10.39 v i_croc_soc/i_croc/i_dm_top.i_dm_top/_6232_/AB (NAND2BX4)
    15    0.05    0.18    0.25   10.64 v i_croc_soc/i_croc/i_dm_top.i_dm_top/_6232_/Y (NAND2BX4)
                  0.18    0.00   10.64 v i_croc_soc/i_croc/i_dm_top.i_dm_top/_6706_/D (AOI211X1)
     1    0.01    0.36    0.34   10.98 ^ i_croc_soc/i_croc/i_dm_top.i_dm_top/_6706_/Y (AOI211X1)
                  0.36    0.00   10.98 ^ place6240/A (BUFX3)
     1    0.00    0.04    0.18   11.17 ^ place6240/Y (BUFX3)
                  0.04    0.00   11.17 ^ i_croc_soc/i_croc/i_dm_top.i_dm_top/_6707_/C (AOI2B1X1)
     1    0.00    0.07    0.06   11.22 v i_croc_soc/i_croc/i_dm_top.i_dm_top/_6707_/Y (AOI2B1X1)
                  0.07    0.00   11.22 v i_croc_soc/i_croc/i_dm_top.i_dm_top/i_dm_mem.rdata_q_5__reg/D (DFFRQX3)
                                 11.22   data arrival time

                         10.00   10.00   clock clk_sys (rise edge)
                          0.00   10.00   clock source latency
     2    0.20    0.34    0.03   10.03 ^ clk_i (in)
                  0.34    0.00   10.03 ^ pad_clk_i/pad (sg13cmos5l_IOPadIn)
     2    0.16    0.30    0.16   10.18 ^ pad_clk_i/p2c (sg13cmos5l_IOPadIn)
                  0.25    0.06   10.24 ^ clkbuf_regs_0_clk_sys/A (BUFX64)
     1    0.02    0.03    0.16   10.40 ^ clkbuf_regs_0_clk_sys/Y (BUFX64)
                  0.03    0.00   10.40 ^ clkbuf_0_soc_clk_i_regs/A (BUFX64)
     4    0.15    0.04    0.09   10.49 ^ clkbuf_0_soc_clk_i_regs/Y (BUFX64)
                  0.05    0.02   10.51 ^ clkbuf_2_1_0_soc_clk_i_regs/A (BUFX64)
     2    0.08    0.03    0.09   10.60 ^ clkbuf_2_1_0_soc_clk_i_regs/Y (BUFX64)
                  0.03    0.01   10.61 ^ clkbuf_3_3__f_soc_clk_i_regs/A (BUFX64)
     9    0.25    0.05    0.10   10.71 ^ clkbuf_3_3__f_soc_clk_i_regs/Y (BUFX64)
                  0.05    0.01   10.72 ^ clkbuf_leaf_5_soc_clk_i_regs/A (BUFX64)
    45    0.11    0.03    0.10   10.81 ^ clkbuf_leaf_5_soc_clk_i_regs/Y (BUFX64)
                  0.04    0.01   10.82 ^ i_croc_soc/i_croc/i_dm_top.i_dm_top/i_dm_mem.rdata_q_5__reg/CK (DFFRQX3)
                         -0.10   10.72   clock uncertainty
                          0.03   10.75   clock reconvergence pessimism
                         -0.07   10.68   library setup time
                                 10.68   data required time
-----------------------------------------------------------------------------
                                 10.68   data required time
                                -11.22   data arrival time
-----------------------------------------------------------------------------
                                 -0.54   slack (VIOLATED)



==========================================================================
04-01_croc.grt report_check_types -max_slew -max_cap -max_fanout -violators
--------------------------------------------------------------------------

==========================================================================
04-01_croc.grt max_slew_check_slack
--------------------------------------------------------------------------
-2.4305672645568848

==========================================================================
04-01_croc.grt max_slew_check_limit
--------------------------------------------------------------------------
1.2000000476837158

==========================================================================
04-01_croc.grt max_slew_check_slack_limit
--------------------------------------------------------------------------
-2.0255

==========================================================================
04-01_croc.grt max_fanout_check_slack
--------------------------------------------------------------------------
-39.0

==========================================================================
04-01_croc.grt max_fanout_check_limit
--------------------------------------------------------------------------
16.0

==========================================================================
04-01_croc.grt max_fanout_check_slack_limit
--------------------------------------------------------------------------
-2.4375

==========================================================================
04-01_croc.grt max_capacitance_check_slack
--------------------------------------------------------------------------
-11.160959243774414

==========================================================================
04-01_croc.grt max_capacitance_check_limit
--------------------------------------------------------------------------
4.21304988861084

==========================================================================
04-01_croc.grt max_capacitance_check_slack_limit
--------------------------------------------------------------------------
-2.6491

==========================================================================
04-01_croc.grt max_slew_violation_count
--------------------------------------------------------------------------
max slew violation count 71

==========================================================================
04-01_croc.grt max_fanout_violation_count
--------------------------------------------------------------------------
max fanout violation count 104

==========================================================================
04-01_croc.grt max_cap_violation_count
--------------------------------------------------------------------------
max cap violation count 101

==========================================================================
04-01_croc.grt setup_violation_count
--------------------------------------------------------------------------
setup violation count 586

==========================================================================
04-01_croc.grt hold_violation_count
--------------------------------------------------------------------------
hold violation count 0

==========================================================================
04-01_croc.grt critical path delay
--------------------------------------------------------------------------
11.2217

==========================================================================
04-01_croc.grt critical path slack
--------------------------------------------------------------------------
-0.5427

==========================================================================
04-01_croc.grt slack div critical path delay
--------------------------------------------------------------------------
-4.836166

==========================================================================
04-01_croc.grt report_power tt
--------------------------------------------------------------------------
Group                  Internal  Switching    Leakage      Total
                          Power      Power      Power      Power (Watts)
----------------------------------------------------------------
Sequential             6.65e-03   1.78e-04   1.21e-06   6.83e-03  27.7%
Combinational          2.78e-04   6.58e-04   1.59e-06   9.37e-04   3.8%
Clock                  3.82e-03   2.54e-03   3.34e-07   6.36e-03  25.8%
Macro                  6.93e-03   0.00e+00   7.92e-07   6.93e-03  28.1%
Pad                    2.83e-04   3.30e-03   1.08e-07   3.59e-03  14.5%
----------------------------------------------------------------
Total                  1.80e-02   6.68e-03   4.04e-06   2.46e-02 100.0%
                          72.9%      27.1%       0.0%

==========================================================================
04-01_croc.grt report_design_area
--------------------------------------------------------------------------

==========================================================================
04-01_croc.grt area by hierarchy
--------------------------------------------------------------------------

--------------------------------------------------------------------------------
Design Area Summary
--------------------------------------------------------------------------------
Die Area:              4629056.0 um2
Core Area:             2200258.368 um2
Total Area:            2318876.9536 um2
Total Active Area:     676156.9536 um2

Core Utilization:      0.30730797956906125
Std Cell Utilization:  0.1978639733100038

--------------------------------------------------------------------------------
Hierarchical Area Report
--------------------------------------------------------------------------------
                                                                                Global Area (um^2)                                                              Global Instances                                                                Local Area (um^2)                                                               Local Instances
                                                                                ------------------------------------------------------------------------------- ------------------------------------------------------------------------------- ------------------------------------------------------------------------------- ----------------------------------------------------------------------------
Hierarchy Name                                                                  Total           StdCell         Macro           Cover           Pad             Total           StdCell         Macro           Cover           Pad             Total           StdCell         Macro           Cover           Pad             Total           StdCell         Macro           Cover           Pad             
-----------------------------------------------------------------------------------------------------------------------------------------------------------------------------------------------------------------------------------------------------------------------------------------------------------------------------------------------------------------------------------------------------------
<top>                                                                           2318876.954     375952.147      300204.806      313600.000      1329120.000     36883           36563           2               64              254             1699849.610     57129.610       0.000           313600.000      1329120.000     10965           10647           0               64              254             
  i_croc_soc                                                                    619027.344      318822.538      300204.806      0.000           0.000           25918           25916           2               0               0               117.130         117.130         0.000           0.000           0.000           5               5               0               0               0               
    i_croc                                                                      311336.122      311336.122      0.000           0.000           0.000           25064           25064           0               0               0               31584.067       31584.067       0.000           0.000           0.000           3891            3891            0               0               0               
      i_bootrom                                                                 2740.550        2740.550        0.000           0.000           0.000           302             302             0               0               0               2740.550        2740.550        0.000           0.000           0.000           302             302             0               0               0               
      i_clint                                                                   9884.045        9884.045        0.000           0.000           0.000           719             719             0               0               0               9827.597        9827.597        0.000           0.000           0.000           717             717             0               0               0               
        i_sync                                                                  56.448          56.448          0.000           0.000           0.000           2               2               0               0               0               56.448          56.448          0.000           0.000           0.000           2               2               0               0               0               
      i_core_wrap                                                               140160.384      140160.384      0.000           0.000           0.000           10676           10676           0               0               0               45437.818       45437.818       0.000           0.000           0.000           4260            4260            0               0               0               
        i_core.cs_registers_i                                                   34958.246       34958.246       0.000           0.000           0.000           2895            2895            0               0               0               34958.246       34958.246       0.000           0.000           0.000           2895            2895            0               0               0               
        i_core.register_file_i                                                  59764.320       59764.320       0.000           0.000           0.000           3521            3521            0               0               0               59764.320       59764.320       0.000           0.000           0.000           3521            3521            0               0               0               
      i_dm_top.i_dm_top                                                         47767.709       47767.709       0.000           0.000           0.000           3950            3950            0               0               0               47767.709       47767.709       0.000           0.000           0.000           3950            3950            0               0               0               
      i_dmi_jtag                                                                23349.715       23349.715       0.000           0.000           0.000           1745            1745            0               0               0               10452.758       10452.758       0.000           0.000           0.000           843             843             0               0               0               
        i_dmi_cdc.i_cdc_req                                                     6779.405        6779.405        0.000           0.000           0.000           470             470             0               0               0               141.120         141.120         0.000           0.000           0.000           8               8               0               0               0               
          i_cdc_reset_ctrlr                                                     2346.826        2346.826        0.000           0.000           0.000           195             195             0               0               0               0.000           0.000           0.000           0.000           0.000           0               0               0               0               0               
            i_cdc_reset_ctrlr_half_a                                            1171.296        1171.296        0.000           0.000           0.000           97              97              0               0               0               640.685         640.685         0.000           0.000           0.000           62              62              0               0               0               
              i_state_transition_cdc_dst                                        198.979         198.979         0.000           0.000           0.000           13              13              0               0               0               142.531         142.531         0.000           0.000           0.000           11              11              0               0               0               
                i_sync                                                          56.448          56.448          0.000           0.000           0.000           2               2               0               0               0               56.448          56.448          0.000           0.000           0.000           2               2               0               0               0               
              i_state_transition_cdc_src                                        331.632         331.632         0.000           0.000           0.000           22              22              0               0               0               275.184         275.184         0.000           0.000           0.000           20              20              0               0               0               
                i_sync                                                          56.448          56.448          0.000           0.000           0.000           2               2               0               0               0               56.448          56.448          0.000           0.000           0.000           2               2               0               0               0               
            i_cdc_reset_ctrlr_half_b                                            1175.530        1175.530        0.000           0.000           0.000           98              98              0               0               0               644.918         644.918         0.000           0.000           0.000           63              63              0               0               0               
              i_state_transition_cdc_dst                                        198.979         198.979         0.000           0.000           0.000           13              13              0               0               0               142.531         142.531         0.000           0.000           0.000           11              11              0               0               0               
                i_sync                                                          56.448          56.448          0.000           0.000           0.000           2               2               0               0               0               56.448          56.448          0.000           0.000           0.000           2               2               0               0               0               
              i_state_transition_cdc_src                                        331.632         331.632         0.000           0.000           0.000           22              22              0               0               0               275.184         275.184         0.000           0.000           0.000           20              20              0               0               0               
                i_sync                                                          56.448          56.448          0.000           0.000           0.000           2               2               0               0               0               56.448          56.448          0.000           0.000           0.000           2               2               0               0               0               
          i_dst                                                                 2167.603        2167.603        0.000           0.000           0.000           135             135             0               0               0               2082.931        2082.931        0.000           0.000           0.000           132             132             0               0               0               
            i_sync                                                              84.672          84.672          0.000           0.000           0.000           3               3               0               0               0               84.672          84.672          0.000           0.000           0.000           3               3               0               0               0               
          i_src                                                                 2123.856        2123.856        0.000           0.000           0.000           132             132             0               0               0               2039.184        2039.184        0.000           0.000           0.000           129             129             0               0               0               
            i_sync                                                              84.672          84.672          0.000           0.000           0.000           3               3               0               0               0               84.672          84.672          0.000           0.000           0.000           3               3               0               0               0               
        i_dmi_cdc.i_cdc_resp                                                    6100.618        6100.618        0.000           0.000           0.000           430             430             0               0               0               145.354         145.354         0.000           0.000           0.000           9               9               0               0               0               
          i_cdc_reset_ctrlr                                                     2334.125        2334.125        0.000           0.000           0.000           196             196             0               0               0               0.000           0.000           0.000           0.000           0.000           0               0               0               0               0               
            i_cdc_reset_ctrlr_half_a                                            1162.829        1162.829        0.000           0.000           0.000           99              99              0               0               0               632.218         632.218         0.000           0.000           0.000           64              64              0               0               0               
              i_state_transition_cdc_dst                                        198.979         198.979         0.000           0.000           0.000           13              13              0               0               0               142.531         142.531         0.000           0.000           0.000           11              11              0               0               0               
                i_sync                                                          56.448          56.448          0.000           0.000           0.000           2               2               0               0               0               56.448          56.448          0.000           0.000           0.000           2               2               0               0               0               
              i_state_transition_cdc_src                                        331.632         331.632         0.000           0.000           0.000           22              22              0               0               0               275.184         275.184         0.000           0.000           0.000           20              20              0               0               0               
                i_sync                                                          56.448          56.448          0.000           0.000           0.000           2               2               0               0               0               56.448          56.448          0.000           0.000           0.000           2               2               0               0               0               
            i_cdc_reset_ctrlr_half_b                                            1171.296        1171.296        0.000           0.000           0.000           97              97              0               0               0               640.685         640.685         0.000           0.000           0.000           62              62              0               0               0               
              i_state_transition_cdc_dst                                        198.979         198.979         0.000           0.000           0.000           13              13              0               0               0               142.531         142.531         0.000           0.000           0.000           11              11              0               0               0               
                i_sync                                                          56.448          56.448          0.000           0.000           0.000           2               2               0               0               0               56.448          56.448          0.000           0.000           0.000           2               2               0               0               0               
              i_state_transition_cdc_src                                        331.632         331.632         0.000           0.000           0.000           22              22              0               0               0               275.184         275.184         0.000           0.000           0.000           20              20              0               0               0               
                i_sync                                                          56.448          56.448          0.000           0.000           0.000           2               2               0               0               0               56.448          56.448          0.000           0.000           0.000           2               2               0               0               0               
          i_dst                                                                 1833.149        1833.149        0.000           0.000           0.000           114             114             0               0               0               1748.477        1748.477        0.000           0.000           0.000           111             111             0               0               0               
            i_sync                                                              84.672          84.672          0.000           0.000           0.000           3               3               0               0               0               84.672          84.672          0.000           0.000           0.000           3               3               0               0               0               
          i_src                                                                 1787.990        1787.990        0.000           0.000           0.000           111             111             0               0               0               1703.318        1703.318        0.000           0.000           0.000           108             108             0               0               0               
            i_sync                                                              84.672          84.672          0.000           0.000           0.000           3               3               0               0               0               84.672          84.672          0.000           0.000           0.000           3               3               0               0               0               
        i_dmi_jtag_tap.i_dft_tck_mux                                            12.701          12.701          0.000           0.000           0.000           1               1               0               0               0               12.701          12.701          0.000           0.000           0.000           1               1               0               0               0               
        i_dmi_jtag_tap.i_tck_inv                                                4.234           4.234           0.000           0.000           0.000           1               1               0               0               0               4.234           4.234           0.000           0.000           0.000           1               1               0               0               0               
      i_gpio                                                                    17026.128       17026.128       0.000           0.000           0.000           1224            1224            0               0               0               15219.792       15219.792       0.000           0.000           0.000           1160            1160            0               0               0               
        gen_gpios\[0\].i_sync                                                   56.448          56.448          0.000           0.000           0.000           2               2               0               0               0               56.448          56.448          0.000           0.000           0.000           2               2               0               0               0               
        gen_gpios\[10\].i_sync                                                  56.448          56.448          0.000           0.000           0.000           2               2               0               0               0               56.448          56.448          0.000           0.000           0.000           2               2               0               0               0               
        gen_gpios\[11\].i_sync                                                  56.448          56.448          0.000           0.000           0.000           2               2               0               0               0               56.448          56.448          0.000           0.000           0.000           2               2               0               0               0               
        gen_gpios\[12\].i_sync                                                  56.448          56.448          0.000           0.000           0.000           2               2               0               0               0               56.448          56.448          0.000           0.000           0.000           2               2               0               0               0               
        gen_gpios\[13\].i_sync                                                  56.448          56.448          0.000           0.000           0.000           2               2               0               0               0               56.448          56.448          0.000           0.000           0.000           2               2               0               0               0               
        gen_gpios\[14\].i_sync                                                  56.448          56.448          0.000           0.000           0.000           2               2               0               0               0               56.448          56.448          0.000           0.000           0.000           2               2               0               0               0               
        gen_gpios\[15\].i_sync                                                  56.448          56.448          0.000           0.000           0.000           2               2               0               0               0               56.448          56.448          0.000           0.000           0.000           2               2               0               0               0               
        gen_gpios\[16\].i_sync                                                  56.448          56.448          0.000           0.000           0.000           2               2               0               0               0               56.448          56.448          0.000           0.000           0.000           2               2               0               0               0               
        gen_gpios\[17\].i_sync                                                  56.448          56.448          0.000           0.000           0.000           2               2               0               0               0               56.448          56.448          0.000           0.000           0.000           2               2               0               0               0               
        gen_gpios\[18\].i_sync                                                  56.448          56.448          0.000           0.000           0.000           2               2               0               0               0               56.448          56.448          0.000           0.000           0.000           2               2               0               0               0               
        gen_gpios\[19\].i_sync                                                  56.448          56.448          0.000           0.000           0.000           2               2               0               0               0               56.448          56.448          0.000           0.000           0.000           2               2               0               0               0               
        gen_gpios\[1\].i_sync                                                   56.448          56.448          0.000           0.000           0.000           2               2               0               0               0               56.448          56.448          0.000           0.000           0.000           2               2               0               0               0               
        gen_gpios\[20\].i_sync                                                  56.448          56.448          0.000           0.000           0.000           2               2               0               0               0               56.448          56.448          0.000           0.000           0.000           2               2               0               0               0               
        gen_gpios\[21\].i_sync                                                  56.448          56.448          0.000           0.000           0.000           2               2               0               0               0               56.448          56.448          0.000           0.000           0.000           2               2               0               0               0               
        gen_gpios\[22\].i_sync                                                  56.448          56.448          0.000           0.000           0.000           2               2               0               0               0               56.448          56.448          0.000           0.000           0.000           2               2               0               0               0               
        gen_gpios\[23\].i_sync                                                  56.448          56.448          0.000           0.000           0.000           2               2               0               0               0               56.448          56.448          0.000           0.000           0.000           2               2               0               0               0               
        gen_gpios\[24\].i_sync                                                  56.448          56.448          0.000           0.000           0.000           2               2               0               0               0               56.448          56.448          0.000           0.000           0.000           2               2               0               0               0               
        gen_gpios\[25\].i_sync                                                  56.448          56.448          0.000           0.000           0.000           2               2               0               0               0               56.448          56.448          0.000           0.000           0.000           2               2               0               0               0               
        gen_gpios\[26\].i_sync                                                  56.448          56.448          0.000           0.000           0.000           2               2               0               0               0               56.448          56.448          0.000           0.000           0.000           2               2               0               0               0               
        gen_gpios\[27\].i_sync                                                  56.448          56.448          0.000           0.000           0.000           2               2               0               0               0               56.448          56.448          0.000           0.000           0.000           2               2               0               0               0               
        gen_gpios\[28\].i_sync                                                  56.448          56.448          0.000           0.000           0.000           2               2               0               0               0               56.448          56.448          0.000           0.000           0.000           2               2               0               0               0               
        gen_gpios\[29\].i_sync                                                  56.448          56.448          0.000           0.000           0.000           2               2               0               0               0               56.448          56.448          0.000           0.000           0.000           2               2               0               0               0               
        gen_gpios\[2\].i_sync                                                   56.448          56.448          0.000           0.000           0.000           2               2               0               0               0               56.448          56.448          0.000           0.000           0.000           2               2               0               0               0               
        gen_gpios\[30\].i_sync                                                  56.448          56.448          0.000           0.000           0.000           2               2               0               0               0               56.448          56.448          0.000           0.000           0.000           2               2               0               0               0               
        gen_gpios\[31\].i_sync                                                  56.448          56.448          0.000           0.000           0.000           2               2               0               0               0               56.448          56.448          0.000           0.000           0.000           2               2               0               0               0               
        gen_gpios\[3\].i_sync                                                   56.448          56.448          0.000           0.000           0.000           2               2               0               0               0               56.448          56.448          0.000           0.000           0.000           2               2               0               0               0               
        gen_gpios\[4\].i_sync                                                   56.448          56.448          0.000           0.000           0.000           2               2               0               0               0               56.448          56.448          0.000           0.000           0.000           2               2               0               0               0               
        gen_gpios\[5\].i_sync                                                   56.448          56.448          0.000           0.000           0.000           2               2               0               0               0               56.448          56.448          0.000           0.000           0.000           2               2               0               0               0               
        gen_gpios\[6\].i_sync                                                   56.448          56.448          0.000           0.000           0.000           2               2               0               0               0               56.448          56.448          0.000           0.000           0.000           2               2               0               0               0               
        gen_gpios\[7\].i_sync                                                   56.448          56.448          0.000           0.000           0.000           2               2               0               0               0               56.448          56.448          0.000           0.000           0.000           2               2               0               0               0               
        gen_gpios\[8\].i_sync                                                   56.448          56.448          0.000           0.000           0.000           2               2               0               0               0               56.448          56.448          0.000           0.000           0.000           2               2               0               0               0               
        gen_gpios\[9\].i_sync                                                   56.448          56.448          0.000           0.000           0.000           2               2               0               0               0               56.448          56.448          0.000           0.000           0.000           2               2               0               0               0               
      i_obi_timer                                                               6691.910        6691.910        0.000           0.000           0.000           505             505             0               0               0               6691.910        6691.910        0.000           0.000           0.000           505             505             0               0               0               
      i_soc_ctrl                                                                4067.078        4067.078        0.000           0.000           0.000           280             280             0               0               0               4067.078        4067.078        0.000           0.000           0.000           280             280             0               0               0               
      i_uart                                                                    28064.534       28064.534       0.000           0.000           0.000           1772            1772            0               0               0               27765.360       27765.360       0.000           0.000           0.000           1758            1758            0               0               0               
        i_uart_modem.i_sync_cd                                                  60.682          60.682          0.000           0.000           0.000           3               3               0               0               0               60.682          60.682          0.000           0.000           0.000           3               3               0               0               0               
        i_uart_modem.i_sync_cts                                                 60.682          60.682          0.000           0.000           0.000           3               3               0               0               0               60.682          60.682          0.000           0.000           0.000           3               3               0               0               0               
        i_uart_modem.i_sync_dsr                                                 60.682          60.682          0.000           0.000           0.000           3               3               0               0               0               60.682          60.682          0.000           0.000           0.000           3               3               0               0               0               
        i_uart_modem.i_sync_ri                                                  60.682          60.682          0.000           0.000           0.000           3               3               0               0               0               60.682          60.682          0.000           0.000           0.000           3               3               0               0               0               
        i_uart_rx.i_sync                                                        56.448          56.448          0.000           0.000           0.000           2               2               0               0               0               56.448          56.448          0.000           0.000           0.000           2               2               0               0               0               
    i_rstgen.i_rstgen_bypass.i_tc_clk_mux2_init_no                              16.934          16.934          0.000           0.000           0.000           2               2               0               0               0               16.934          16.934          0.000           0.000           0.000           2               2               0               0               0               
    i_rstgen.i_rstgen_bypass.i_tc_clk_mux2_rst_n                                12.701          12.701          0.000           0.000           0.000           1               1               0               0               0               12.701          12.701          0.000           0.000           0.000           1               1               0               0               0               
    i_rstgen.i_rstgen_bypass.i_tc_clk_mux2_rst_no                               12.701          12.701          0.000           0.000           0.000           1               1               0               0               0               12.701          12.701          0.000           0.000           0.000           1               1               0               0               0               
    i_user                                                                      307531.757      7326.950        300204.806      0.000           0.000           845             843             2               0               0               5912.928        5912.928        0.000           0.000           0.000           509             509             0               0               0               
      gen_sram_bank\[0\].i_sram                                                 150809.414      707.011         150102.403      0.000           0.000           168             167             1               0               0               150809.414      707.011         150102.403      0.000           0.000           168             167             1               0               0               
      gen_sram_bank\[1\].i_sram                                                 150809.414      707.011         150102.403      0.000           0.000           168             167             1               0               0               150809.414      707.011         150102.403      0.000           0.000           168             167             1               0               0               
